"Filename","Country","Group","RosetteFlag","Artist","Comment","Name","Date","Field8","Field9","Field10","Field11","Field12"
"Arlene1.png","DE","P4m","NO","Arlene","YES",,"20120831",,"['TL','SH','AB','FL','GL','GE']",,,
"Arlene2.png","DE","P4m","NO","Arlene","YES",,"20120831",,"['TL','SH','AB','GL','GE']",,,
"Arlene3.png","DE","P4m","NO","Arlene","YES",,"20120831",,"['TL','SH','AB','GE']",,,
"Arlene4.png","DE","P4g","NO","Arlene","YES",,"20120831",,"['TL','AR','SH','AB','GL','GE']",,,
"Angie4.png","DE","P6m","NO","Angie","YES",,"20120918",,"['TL','AR','AB','SH','AB']",,,
"Angie5.png","DE","P6m","NO","Angie","YES",,"20120918",,"['TL','AR','AB','GL','SH','AB']",,,
"Angie1.png","DE","P3m1","NO","Angie","YES",,"20121029",,"['AR','BL','AB']",,,
"Angie2.png","DE","P4g","NO","Angie","YES",,"20120918",,"['TL','BL','SH','AB']",,,
"Angie3.png","DE","P4g","NO","Angie","YES",,"20120918",,"['GE','SH','3D','AB']",,,
"Angie6.png","DE","P6m","NO","Angie","YES",,"20120918",,"['TL','FL','GL','SH']",,,
"MarcH1.png","DE","P4m","NO","MarcH","YES",,"20121231",,"['TL','SH','GL']",,,
"Agnes1.png","DE","P6m","NO","Agnes","YES",,"20121231",,"['GE','SH','TL','AR']",,,
"Agnes2.png","DE","P3","NO","Agnes","YES",,"20121231",,"[,'SH','AR','GL']",,,
"Agnes3.png","DE","P2","NO","Agnes","YES",,"20121231",,"['FL','SH','TL','AR']",,,
"Agnes4.png","DE","P4g","NO","Agnes","YES",,"20130101",,"['TL','AR','SH','BL']",,,
"Agnes5.png","DE","P4m","NO","Agnes","YES",,"20130101",,"['TL','SH']",,,
"Agnes6.png","DE","P3","NO","Agnes","YES",,"20130101",,"['TL','AR','SH','FL']",,,
"Agnes7.png","DE","P4m","NO","Agnes","YES",,"20130101",,"['TL','AR','SH','BL']",,,
"Agnes8.png","DE","P1","NO","Agnes","YES",,"20130101",,"['TL','AR','SH','FL']",,,
"Agnes9.png","DE","P1","NO","Agnes","YES",,"20130101",,"['TL','GE']",,,
"AgnesR1.png","DE","Rosette","YES","Agnes","YES",,"20121231",,"['TL','AR','SH','FL']",,,
"AgnesR2.png","DE","Rosette","YES","Agnes","YES",,"20130101",,"['TL','AR','SH']",,,
"AgnesR3.png","DE","Rosette","YES","Agnes","YES",,"20130101",,"['TL','AR','SH']",,,
"AgnesR4.png","DE","Rosette","YES","Agnes","YES",,"20130101",,"['TL','SH']",,,
"AgnesR5.png","DE","Rosette","YES","Agnes","YES",,"20130101",,"['AR','SH']",,,
"AgnesR6.png","DE","Rosette","YES","Agnes","YES",,"20130101",,"['AR','GL','TL','SH']",,,
"CaroR1.png","US","Rosette","YES","Caro","YES",,"20121116",,"['TL','SH','GL']",,,
"BellaRosaR1.png","US","Rosette","YES","BellRosa1971","YES",,"20121119",,"['TL','SH','GL']",,,
"HollyR1.png","US","Rosette","YES","Artladyhbk","YES",,"20121215",,"['TL','AR','SH','GL']",,,
"CindyR1.png","KH","Rosette","YES","Cindy","YES",,"20121216",,"['TL','AR','BL']",,,
"TyhuuR1.png","US","Rosette","YES","Tyhuu","YES",,"20121216",,"['TL']",,,
"Bob1.png","GB","P3m1","NO","Bob","YES",,"20121215",,"['AR','BL']",,,
"Ikbennikki1.png","NL","P3","NO","Ikbennikki","YES",,"20121216",,"['TL','GE']",,,
"ValR1.png","US","Rosette","YES","IdahoVal","YES",,"20121109",,"['TL','SH','AR','BL','AB']",,,
"ValR2.png","US","Rosette","YES","IdahoVal","YES",,"20121109",,"['TL','SH','AR','FL','GL']",,,
"ValR3.png","US","Rosette","YES","IdahoVal","YES",,"20121109",,"['TL','SH','AR','CR','GL']",,,
"ValR4.png","US","Rosette","YES","IdahoVal","YES",,"20121109",,"['TL','SH','AR','FL']",,,
"Dominik1.png","DE","P4","NO","Dominik","YES",,"20121207",,"['AB','TL','SH','FL']",,,
"Dominik2.png","DE","P4","NO","Dominik","YES",,"20121207",,"['AB','TL','SH','GE','3D']",,,
"DominikR1.png","DE","Rosette","YES","Dominik","YES",,"20121207",,"['AB','TL','SH']",,,
"Vanessa1.png","DE","P3","NO","Vanessa","YES","My little zoo","20121206",,"['AB','TL','AR','CR','SH']",,,
"Ruth1.png","US","P4","NO","Ruth Meszaros","YES",,"20121206","Playing with sparkle","['AB','TL','GL','BL',]",,,
"Ruth2.png","US","P31m","NO","Ruth Meszaros","YES","Coil on Coil","20121206",,"['AB','TL','SH']",,,
"Ruth3.png","US","P1","NO","Ruth Meszaros","YES","Lines on magenta","20121208",,"['AB','TL','SH']",,,
"Ruth6.png","US","P31m","NO","Ruth Meszaros","YES","Variation on Red","20121214",,"['AB','AR','SH','FL']",,,
"Ruth7.png","US","P4m","NO","Ruth Meszaros","YES","Medieval echo","20121217",,"['AB','TL','SH']",,,
"Ruth8.png","US","P6m","NO","Ruth Meszaros","YES","Green Mountains no. 4","20121217",,"['AB','AR']",,,
"Ruth9.png","US","P3m1","NO","Ruth Meszaros","YES","Green Mountains no. 3","20121217",,"['AB','AR']",,,
"Ruth10.png","US","Pm","NO","Ruth Meszaros","YES","Green Mountains","20121206",,"['AB','AR','BL']",,,
"RuthR1.png","US","Rosette","YES","Ruth Meszaros","YES",,"20121206",,"['AB','TL','SH','GL']",,,
"Ruth11.png","US","P1","NO","Ruth Meszaros","YES","Simple flower no. 1","20121224",,"['AB','AR','SH','FL']",,,
"Ruth12.png","US","P4m","NO","Ruth Meszaros","YES","Simple flower no. 2","20121224",,"['AB','AR','SH','FL']",,,
"Ruth13.png","US","P4g","NO","Ruth Meszaros","YES","Bright plaid","20121224",,"['AB','SH','OB']",,,
"Ruth14.png","US","P4g","NO","Ruth Meszaros","YES",,"20121231",,"['AB','AR','BL']",,,
"metchatR1.png","US","Rosette","YES","metchat17","YES",,"20121224",,"['AB','AR','TL']",,,
"Dawn_KR1.png","US","Rosette","YES","Dawn","YES",,"20121224",,"['AB','AR','GL']",,,
"TeresitaR1.png","MX","Rosette","YES","Teresita manrique","YES",,"20121224",,"['TL','BL','GL']",,,
"TeresitaR2.png","MX","Rosette","YES","Teresita manrique","YES",,"20121224",,"['TL','BK','GL']",,,
"Humikli1.png","TR","P6m","NO","humiklibocek","YES",,"20121113",,"['TL','SH','AB']",,,
"Humikli2.png","TR","P4g","NO","humiklibocek","YES",,"20121117",,"['AB','TL','SH','GL']",,,
"Humikli3.png","TR","P6m","NO","humiklibocek","YES",,"20121128",,"['AB','TL','SH','GL']",,,
"Humikli4.png","TR","P6m","NO","humiklibocek","YES",,"20121204",,"['AB','TL','SH','GL']",,,
"Humikli5.png","TR","P6m","NO","humiklibocek","YES",,"20121201",,"['AB','TL','SH','GL']",,,
"HumikliR1.png","TR","Rosette","YES","humiklibocek","YES",,"20121121",,"['AB','TL','SH','GL']",,,
"HumikliR2.png","TR","Rosette","YES","humiklibocek","YES",,"20121213",,"['AB','TL','SH','GL','FL','AR']",,,
"Natali1.png","RU","Pm","NO","Natalie","YES",,"20121215",,"['AB','BL','3D','OB','GE']",,,
"Natali2.png","RU","Pm","NO","Natalie","YES",,"20121215",,"['AB','BL']",,,
"Natali3.png","RU","Pmm","NO","Natalie","YES",,"20121215",,"['AB','AR','GL','3D']",,,
"Xamimim1.png","US","P4m","NO","Xamimim","YES",,"20121217",,"['AB','TL','SH']",,,
"Xamimim2.png","US","P4m","NO","Xamimim","YES",,"20121217",,"['AB','TL','SH']",,,
"Xamimim3.png","US","P6m","NO","Xamimim","YES",,"20121217",,"['AB','GL','SH']",,,
"Xamimim4.png","US","P4g","NO","Xamimim","YES","Red and Yellow","20121222",,"['AR','TL','SH']",,,
"Xamimim5.png","US","P4m","NO","Xamimim","YES","Christmas Stars","20121222",,"['TL','GL','SH']",,,
"Xamimim6.png","US","P6m","NO","Xamimim","YES","Triangles","20121226",,"['TL','GL','SH']",,,
"Miamao1.png","DE","P3m1","NO","Miamao","YES",,"20121226",,"['AR','SH','CR']",,,
"Miamao2.png","DE","P3m1","NO","Miamao","YES",,"20121226",,"['AR','SH','FL']",,,
"Miamao3.png","DE","P4g","NO","Miamao","YES",,"20121231",,"['AR','TL','SH','FL']",,,
"Kristen1.png","DE","P4g","NO","Kristen","YES",,"20121226",,"['AR','SH','TL','GE']",,,
"Kristen2.png","DE","P4m","NO","Kristen","YES",,"20121227",,"['AR','SH','TL','GE']",,,
"Kristen3.png","DE","Pmg","NO","Kristen","YES",,"20121227",,"['AR','SH','TL','GE']",,,
"Kristen4.png","DE","P31m","NO","Kristen","YES",,"20121228",,"['AR','SH','TL']",,,
"Kristen5.png","DE","P4","NO","Kristen","YES",,"20121228",,"['AR','SH','TL','GE']",,,
"Kristen6.png","DE","P4m","NO","Kristen","YES",,"20121228",,"['AR','SH','TL','GE']",,,
"Kristen7.png","DE","P3m1","NO","Kristen","YES",,"20121228",,"['SH','TL']",,,
"Kristen8.png","DE","P6m","NO","Kristen","YES",,"20121228",,"['TL','SH']",,,
"Kristen9.png","DE","P6m","NO","Kristen","YES",,"20121228",,"['BL']",,,
"KristenR1.png","DE","Rosette","YES","Kristen","YES",,"20121227",,"['AR','SH','BL','TL','FL']",,,
"Henry1.png","FR","P4g","NO","Henry","YES",,"20121218",,"['AB','TL','SH']",,,
"Henry2.png","FR","P4g","NO","Henry","YES",,"20121218",,"['AB']",,,
"Soeren1.png","DE","P6m","NO","Arezt","YES",,"20121214",,"['AB','TL','SH','GE']",,,
"Soeren2.png","DE","P6m","NO","Arezt","YES",,"20121214",,"['AB','TL']",,,
"Heesung1.png","US","P6m","NO","Heesung","YES",,"20121214",,"['AB','TL','GL','GE']",,,
"Helen1.png","US","P6m","NO","Helen H","YES","The four elements","20121216",,"['AB','TL','AR','GE','GL','SH']",,,
"HelenR1.png","US","Rosette","YES","Helen H","YES","Snowflake","20121216",,"['AB','AR','GL','TL','SH','BL']",,,
"Laurie1.png","US","Pmg","NO","SicKitty","YES",,"20121219",,"['AB','BL','CR']",,,
"Laurie2.png","US","P4m","NO","SicKitty","YES",,"20121220",,"['AB','BL','SH']",,,
"Laurie3.png","US","P4m","NO","SicKitty","YES",,"20121220",,"['AB','BL','SH']",,,
"Laurie4.png","US","P4m","NO","SicKitty","YES",,"20121220",,"['AB','BL','SH']",,,
"YJ1.png","KR","P1","NO","YJ","YES","Duckies and worms","20121214",,"['CR','AR']",,,
"YJR1.png","KR","Rosette","YES","YJ","YES","Hibiskius","20121214",,"['FL','AR']",,,
"YJR2.png","KR","Rosette","YES","YJ","YES","inspired by the human eye and the dandelion","20121214",,"['GL','TL','FL','OB']",,,
"YJR3.png","KR","Rosette","YES","YJ","YES","Ornament","20121219",,"['GL','TL','SH']",,,
"KpaR1.png","RU","Rosette","YES","Красота","YES",,"20121210",,"['GL','TL','BL']",,,
"KpaR2.png","RU","Rosette","YES","Красота","YES",,"20121210",,"['GL','TL','BL']",,,
"SvetlanaR1.png","RU","Rosette","YES","Almenda","YES",,"20121125",,"['TL','SH','GL']",,,
"TrinityR1.png","US","Rosette","YES","Trinity444","YES",,"20121124",,"['AB','TL','SH','GL']",,,
"TrinityR2.png","US","Rosette","YES","Trinity444","YES",,"20121118",,"['AB','TL','SH','GL']",,,
"Kim1.png","US","P31m","NO","Roisin","YES",,"20121127",,"['TL','SH']",,,
"Maxe1.png","US","P3m1","NO","Maxe","YES",,"20121130",,"['TL','SH','GL']",,,
"Zezu1.png","RU","Pmm","NO","Zezuletta","YES",,"20121126",,"['TL','AR','SH','BL']",,,
"Zezu2.png","RU","P6m","NO","Zezuletta","YES",,"20121126",,"['TL','AR','SH','BL']",,,
"Zezu3.png","RU","P4m","NO","Zezuletta","YES",,"20121126",,"['TL','AR','SH','BL','FL',]",,,
"Zezu4.png","RU","P6m","NO","Zezuletta","YES",,"20121125",,"['TL','SH']",,,
"Luise1.png","AU","P6m","NO","Luise Grice","YES",,"20121022",,"['TL','AR','SH','AB','GL','GE']",,,
"Luise2.png","AU","P6m","NO","Luise Grice","YES",,"20121022",,"['TL','AR','SH','AB','GE']",,,
"Luise3.png","AU","P6m","NO","Luise Grice","YES",,"20121022",,"['TL','AR','SH','AB','GE']",,,
"LuiseR1.png","AU","Rosette","YES","Luise Grice","YES",,"20121022",,"['TL','AR','SH','AB','GE','GL','FL']",,,
"LuiseR2.png","AU","Rosette","YES","Luise Grice","YES",,"20121022",,"['TL','SH','AB','GE','FL']",,,
"LuiseR3.png","AU","Rosette","YES","Luise Grice","YES",,"20121022",,"['TL','SH','AB','GE','GL','FL']",,,
"LuiseR4.png","AU","Rosette","YES","Luise Grice","YES",,"20121022",,"['TL','AR','SH','AB','GE']",,,
"JarlaxleR1.png","GB","Rosette","YES","Jarlaxle1979","YES",,"20121022",,"['TL','BL','AB','GL','FL']",,,
"JarlaxleR2.png","GB","Rosette","YES","Jarlaxle1979","YES",,"20121022",,"['TL','BL','AB','FL']",,,
"JarlaxleR3.png","GB","Rosette","YES","Jarlaxle1979","YES",,"20121022",,"['TL','BL','AR','GL','FL']",,,
"JarlaxleR4.png","GB","Rosette","YES","Jarlaxle1979","YES",,"20121022",,"['TL','SH','AR','GL','FL','AB']",,,
"JarlaxleR5.png","GB","Rosette","YES","Jarlaxle1979","YES",,"20121022",,"['TL','SH','GL','FL','AB']",,,
"JarlaxleR6.png","GB","Rosette","YES","Jarlaxle1979","YES",,"20121022",,"['TL','SH','BL','AR','GL','AB']",,,
"JarlaxleR7.png","GB","Rosette","YES","Jarlaxle1979","YES",,"20121022",,"['TL','SH','AR','GL','FL']",,,
"JarlaxleR8.png","GB","Rosette","YES","Jarlaxle1979","YES",,"20121022",,"['TL','SH','AR','GL','FL']",,,
"JarlaxleR9.png","GB","Rosette","YES","Jarlaxle1979","YES",,"20121022",,"['TL','SH','AR','GL','FL']",,,
"JarlaxleR10.png","GB","Rosette","YES","Jarlaxle1979","YES",,"20121022",,"['TL','SH','AR','GL','FL']",,,
"JarlaxleR11.png","GB","Rosette","YES","Jarlaxle1979","YES",,"20121022",,"['TL','SH','AR','GL','FL']",,,
"WillSala.png","BR","P6","NO","WillSala","YES","My Flower","20121108",,"['AR','SH','FL','AB']",,,
"WillSala2.png","BR","P3","NO","WillSala","YES",,"20121108",,"['AB','SH','TL','AR','GL']",,,
"Peter.png","AU","Cm","NO","Peter SO","YES","Based on feathers","20121105",,"['TL','SH','OB','AB']",,,
"Ruba1.png","US","P3m1","NO","Ruba","YES",,"20121107",,"['TL','SH','GE','AB','GL']",,,
"Ruba2.png","US","P3","NO","Ruba","YES",,"20121106",,"['TL','AR','SH','GE','AB','GL']",,,
"Ruba3.png","US","P4g","NO","Ruba","YES",,"20121106",,"['TL','AR','SH','GE','AB','GL']",,,
"Ruba4.png","US","P4g","NO","Ruba","YES",,"20121105",,"['TL','SH','CR','AB','GL']",,,
"Ruba5.png","US","P1","NO","Ruba","YES",,"20121105",,"['AR','SH','GE','AB','GL']",,,
"Ruba6.png","US","Pmm","NO","Ruba","YES",,"20121105",,"['TL','SH','GE','AB','GL']",,,
"Ruba7.png","US","Cm","NO","Ruba","YES",,"20121110",,"['TL','SH','AB','CR','GL']",,,
"Ruba8.png","US","Cm","NO","Ruba","YES",,"20121110",,"['TL','SH','AB','CR','GL']",,,
"Ruba9.png","US","Cm","NO","Ruba","YES",,"20121127",,"['TL','AR','SH','BL','CR']",,,
"Ruba10.png","US","Cm","NO","Ruba","YES",,"20121127",,"['TL','AR','SH','BL','CR']",,,
"Ruba11.png","US","Cm","NO","Ruba","YES",,"20121127",,"['TL','AR','SH','BL','CR']",,,
"Ruba12.png","US","Cm","NO","Ruba","YES",,"20121127",,"['TL','AR','SH','BL','CR']",,,
"Ruba13.png","US","P6m","NO","Ruba","YES",,"20121129",,"['AB','TL','GL','SH']",,,
"Ruba14.png","US","P1","NO","Ruba","YES",,"20121129",,"['AB','TL','AR','SH','CR']",,,
"Ruba15.png","US","Cm","NO","Ruba","YES",,"20121202",,"['AB','TL','SH']",,,
"Ruba16.png","US","P3m1","NO","Ruba","YES",,"20121202",,"['AB','TL','BL']",,,
"Ruba17.png","US","P4g","NO","Ruba","YES",,"20121202",,"['AB','TL','BL']",,,
"Ruba18.png","US","P4g","NO","Ruba","YES",,"20121202",,"['AB','TL','SH','BL']",,,
"Ruba19.png","US","P4g","NO","Ruba","YES",,"20121202",,"['AB','TL','SH','BL']",,,
"Ruba20.png","US","P4g","NO","Ruba","YES",,"20121203",,"['AB','TL','AR','SH','GE']",,,
"Ruba21.png","US","P4g","NO","Ruba","YES",,"20121203",,"['AB','TL','SH']",,,
"Ruba22.png","US","P4g","NO","Ruba","YES",,"20121203",,"['AB','TL','SH']",,,
"Ruba23.png","US","P4g","NO","Ruba","YES",,"20121204",,"['AB','TL','SH','BL']",,,
"Ruba24.png","US","P4g","NO","Ruba","YES",,"20121204",,"['AB','TL','SH',]",,,
"Ruba25.png","US","P4g","NO","Ruba","YES",,"20121204",,"['AB','TL','AR','SH','CR']",,,
"Ruba26.png","US","P4m","NO","Ruba","YES",,"20121206",,"['AB','TL','SH']",,,
"Ruba27.png","US","P4m","NO","Ruba","YES",,"20121206",,"['AB','TL','SH']",,,
"Ruba28.png","US","P4m","NO","Ruba","YES",,"20121206",,"['AB','TL','SH']",,,
"Ruba29.png","US","P4m","NO","Ruba","YES",,"20121206",,"['AB','TL','SH']",,,
"Ruba30.png","US","P4m","NO","Ruba","YES",,"20121206",,"['AB','TL','SH']",,,
"Ruba31.png","US","P31m","NO","Ruba","YES",,"20121207",,"['AB','AR','SH','CR']",,,
"Ruba32.png","US","P31m","NO","Ruba","YES",,"20121207",,"['AB','AR','SH','CR','BL']",,,
"Ruba33.png","US","P31m","NO","Ruba","YES",,"20121207",,"['AB','AR','TL','SH']",,,
"Ruba34.png","US","P3m1","NO","Ruba","YES",,"20121207",,"['AB','AR','TL','SH']",,,
"Ruba35.png","US","P3m1","NO","Ruba","YES",,"20121208",,"['AB','AR','TL','SH']",,,
"Ruba37.png","US","P3m1","NO","Ruba","YES",,"20121208",,"['AB','AR','TL','SH','CR']",,,
"Ruba38.png","US","P3m1","NO","Ruba","YES",,"20121208",,"['AB','AR','TL','SH','CR']",,,
"Ruba39.png","US","P3m1","NO","Ruba","YES",,"20121208",,"['AB','AR','TL','SH','CR']",,,
"Ruba40.png","US","P3m1","NO","Ruba","YES",,"20121208",,"['AB','AR','TL','SH','CR']",,,
"Ruba41.png","US","P3m1","NO","Ruba","YES",,"20121208",,"['AB','AR','TL','SH','CR']",,,
"Ruba42.png","US","P3m1","NO","Ruba","YES",,"20121208",,"['AB','AR','TL','SH','CR']",,,
"Ruba43.png","US","P3m1","NO","Ruba","YES",,"20121208",,"['AB','AR','TL','SH','CR']",,,
"Ruba44.png","US","P3m1","NO","Ruba","YES",,"20121208",,"['AB','AR','TL','SH','CR']",,,
"Ruba45.png","US","Cmm","NO","Ruba","YES",,"20121211",,"['AB','TL','SH']",,,
"Ruba46.png","US","Cmm","NO","Ruba","YES",,"20121211",,"['AB','TL','SH']",,,
"Ruba47.png","US","P4g","NO","Ruba","YES",,"20121214",,"['AB','TL','AR','SH','BL']",,,
"Ruba48.png","US","P4g","NO","Ruba","YES",,"20121214",,"['AB','TL','AR','SH']",,,
"Ruba49.png","US","Pm","NO","Fish","YES",,"20121223",,"['TL','AR','CR','SH']",,,
"Ruba50.png","US","Pm","NO","Fish","YES",,"20121223",,"['TL','AR','CR','SH']",,,
"RubaR1.png","US","Rosette","YES","Ruba","YES",,"20121126",,"['AB','TL','SH']",,,
"RubaR2.png","US","Rosette","YES","Ruba","YES",,"20121126",,"['AB','TL','SH','GL']",,,
"RubaR3.png","US","Rosette","YES","Ruba","YES",,"20121126",,"['AB','TL','SH','GL']",,,
"RubaR4.png","US","Rosette","YES","Ruba","YES",,"20121126",,"['AB','AR','SH','CR']",,,
"RubaR5.png","US","Rosette","YES","Ruba","YES",,"20121126",,"['AB','AR','SH','CR']",,,
"RubaR6.png","US","Rosette","YES","Ruba","YES",,"20121126",,"['AB','TL','AR','SH','CR']",,,
"RubaR7.png","US","Rosette","YES","Ruba","YES",,"20121126",,"['AB','TL','SH']",,,
"RubaR8.png","US","Rosette","YES","Ruba","YES",,"20121126",,"['AB','TL','SH','OB','GL']",,,
"RubaR10.png","US","Rosette","YES","Ruba","YES",,"20121126",,"['AB','TL','SH','CR']",,,
"RubaR9.png","US","Rosette","YES","Ruba","YES",,"20121126",,"['AB','TL','SH','CR']",,,
"RubaR12.png","US","Rosette","YES","Ruba","YES",,"20121126",,"['AB','TL','SH']",,,
"RubaR11.png","US","Rosette","YES","Ruba","YES",,"20121126",,"['AB','TL','SH']",,,
"RubaR13.png","US","Rosette","YES","Ruba","YES",,"20121126",,"['AB','TL','SH']",,,
"BrigitteR3.png","DE","Rosette","YES","Ladina Bürgisser","YES",,"20121124",,"['AB','TL','SH','GL']",,,
"BrigitteR1.png","DE","Rosette","YES","Brigitte Hämmerli Bürgisser","YES",,"20121122",,"['AB','TL','SH','GL']",,,
"BrigitteR2.png","DE","Rosette","YES","Brigitte Hämmerli Bürgisser","YES",,"20121121",,"['AB','TL','SH','GL']",,,
"HildaR1.png","DE","Rosette","YES","Hilda Hromadka","YES",,"20121121",,"['TL','SH']",,,
"RicR1.png","GB","Rosette","YES","Ric c. Curtis","YES",,"20121022",,"['TL','SH','AB','GL']",,,
"RicR2.png","GB","Rosette","YES","Ric c. Curtis","YES",,"20121022",,"['TL','SH','AB','GL','FL','AR']",,,
"RicR3.png","GB","Rosette","YES","Ric c. Curtis","YES",,"20121022",,"['TL','SH','AB','GL']",,,
"RicR4.png","GB","Rosette","YES","Ric c. Curtis","YES",,"20121022",,"['TL','SH','AB','GL']",,,
"RicR5.png","GB","Rosette","YES","Ric c. Curtis","YES",,"20121022",,"['TL','SH','AB','GL']",,,
"RicR6.png","GB","Rosette","YES","Ric c. Curtis","YES",,"20121022",,"['TL','SH','AB','GL']",,,
"RicR7.png","GB","Rosette","YES","Ric c. Curtis","YES",,"20121022",,"['TL','SH','AB','GL']",,,
"RicR8.png","GB","Rosette","YES","Ric c. Curtis","YES",,"20121022",,"['TL','SH','AB','GL']",,,
"RicR9.png","GB","Rosette","YES","Ric c. Curtis","YES",,"20121022",,"['TL','SH','AB','GL']",,,
"RicR10.png","GB","Rosette","YES","Ric c. Curtis","YES",,"20121022",,"['TL','SH','AB','GL']",,,
"RicR11.png","GB","Rosette","YES","Ric c. Curtis","YES",,"20121022",,"['TL','SH','AB','GL']",,,
"RicR12.png","GB","Rosette","YES","Ric c. Curtis","YES",,"20121023",,"['TL','SH','AB','GL']",,,
"RicR13.png","GB","Rosette","YES","Ric c. Curtis","YES",,"20121023",,"['TL','SH','AB','GL']",,,
"Ric1.png","GB","P4","NO","Ric c. Curtis","YES",,"20121023",,"['TL','SH','AR','AB','GL']",,,
"Ric2.png","GB","P4","NO","Ric c. Curtis","YES",,"20121023",,"['TL','SH','AR','AB','GL']",,,
"MacAlR1.png","US","Rosette","YES","Mac Al","YES",,"20121109",,"['AR','SH','AB','FL']",,,
"MacAlR2.png","US","Rosette","YES","Mac Al","YES",,"20121109",,"['AR','SH','AB','FL']",,,
"MacAlR3.png","US","Rosette","YES","Mac Al","YES",,"20121109",,"['AR','SH','AB']",,,
"MacAlR4.png","US","Rosette","YES","Mac Al","YES",,"20121109",,"['AR','SH','AB','FL']",,,
"MacAlR5.png","US","Rosette","YES","Mac Al","YES",,"20121109",,"['AR','SH','AB','FL']",,,
"MacAlR6.png","US","Rosette","YES","Mac Al","YES",,"20121109",,"['AR','SH','AB']",,,
"MacAlR7.png","US","Rosette","YES","Mac Al","YES",,"20121109",,"['AR','SH','AB']",,,
"Taco.png","MX","P6m","NO","TacoCat","YES",,"20121112",,"['TL','SH','BL','AB','GL']",,,
"S.png","US","P6","NO","S","YES",,"20121107",,"['AR','SH','AB','GL','GE']",,,
"Eduardo1.png","MX","P6m","NO","Eduardo Santiago","YES",,"20121107",,"['TL','AR','SH','AB','GL','GE']",,,
"Eduardo2.png","MX","P4g","NO","Eduardo Santiago","YES",,"20121107",,"['TL','SH','AB','GL','GE']",,,
"Eduardo3.png","MX","P4g","NO","Eduardo Santiago","YES",,"20121107",,"['TL','SH','AB','GE']",,,
"Meggy1.png","DE","P4g","NO","Meggy Schlümer","YES","Spiders","20121103",,"['AR','BL','CR']",,,
"Meggy2.png","DE","Cm","NO","Meggy Schlümer","YES","D&auml;monia und ihr Haustier Paff","20121104",,"['AR','SH','CR','GL']",,,
"Meggy3.png","DE","P3m1","NO","Meggy Schlümer","YES","Unterwasseraufnahme","20121102",,"['TL','SH','AB','GL']",,,
"Meggy4.png","DE","P6m","NO","Meggy Schlümer","YES","Alles ist erleuchtet","20121105",,"['TL','AR','SH','BL','AB','GL']",,,
"Meggy5.png","DE","P1","NO","Meggy Schlümer","YES","Bücher","20121105",,"['AR','SH','BL','OB','GL','3D']",,,
"Meggy6.png","DE","Pm","NO","Meggy Schlümer","YES",,"20121106",,"['TL','AR','SH','BL','OB','GL','3D']",,,
"Meggy7.png","DE","P3m1","NO","Meggy Schlümer","YES",,"20121108",,"['TL','AR','SH','AB','GE','GL']",,,
"Meggy8.png","DE","P4m","NO","Meggy Schlümer","YES",,"20121107",,"['AR','SH','AB','GE','GL','OB']",,,
"Meggy9.png","DE","P6","NO","Meggy Schlümer","YES",,"20121108",,"['AR','BL','AB']",,,
"Meggy10.png","DE","P4m","NO","Meggy Schlümer","YES",,"20121108",,"['AR','BL','AB']",,,
"Meggy11.png","DE","P6","NO","Meggy Schlümer","YES","Weihnachtskekse!","20121105",,"['AR','SH','OB','GL']",,,
"Meggy12.png","DE","P3","NO","Meggy Schlümer","YES",,"20121108",,"['AR','SH','FL','GL']",,,
"Meggy13.png","DE","Pmg","NO","Meggy Schlümer","YES","Samurais","20121109",,"['AR','TL','SH','CR']",,,
"Meggy14.png","DE","P4","NO","Meggy Schlümer","YES",,"20121109",,"['AR','SH','AB','GE']",,,
"Meggy15.png","DE","P1","NO","Meggy Schlümer","YES","Kitty","20121110",,"['AR','SH','BL','CR']",,,
"Margitta1.png","DE","Cm","NO","Meggy Schlümer","YES","Sie kommen in friedlicher Absicht!","20121101",,"['TL','BL','CR','GL']",,,
"Meggy16.png","DE","P4m","NO","Meggy Schlümer","YES","Strohsterne","20121110",,"['TL','SH','OB','GL']",,,
"Meggy17.png","DE","P4","NO","Meggy Schlümer","YES","Strohsterne","20121110",,"['TL','SH','OB','GL']",,,
"Meggy18.png","DE","P4","NO","Meggy Schlümer","YES",,"20121111",,"['TL','AR','SH','OB','GL']",,,
"Meggy19.png","DE","P6m","NO","Meggy Schlümer","YES",,"20121111",,"['TL','SH','AB','GL']",,,
"Meggy20.png","DE","Pm","NO","Meggy Schlümer","YES","Für den Mathematiker","20121111",,"['TL','AR','SH','OB']",,,
"Meggy21.png","DE","P4","NO","Meggy Schlümer","YES",,"20121111",,"['TL','AR','SH','OB']",,,
"Meggy23.png","DE","P6m","NO","Meggy Schlümer","YES",,"20121112",,"['TL','AR','SH','AB','GE']",,,
"Meggy24.png","DE","P6m","NO","Meggy Schlümer","YES",,"20121112",,"['TL','AR','SH','AB','GE','GL']",,,
"Meggy25.png","DE","P1","NO","Meggy Schlümer","YES","Setzkasten","20121112",,"['TL','AR','SH','OB']",,,
"Meggy26.png","DE","Pmg","NO","Meggy Schlümer","YES",,"20121112",,"['AR','SH','AB','GE','GL']",,,
"Meggy27.png","DE","P4g","NO","Meggy Schlümer","YES",,"20121112",,"['AR','TL','SH','AB','GE','GL','OB','3D']",,,
"Meggy28.png","DE","P3","NO","Meggy Schlümer","YES","Tiffany","20121115",,"['AR','TL','SH','AB','GE','GL']",,,
"Meggy29.png","DE","P31m","NO","Meggy Schlümer","YES","Tiffany 2","20121115",,"['AR','TL','SH','AB','GE','GL']",,,
"Meggy30.png","DE","Pgg","NO","Meggy Schlümer","YES",,"20121115",,"['TL','SH','BL','GL','FL']",,,
"Meggy31.png","DE","Pm","NO","Meggy Schlümer","YES",,"20121114",,"['AR','SH','GL','OB']",,,
"Meggy32.png","DE","P4m","NO","Meggy Schlümer","YES",,"20121114",,"['AR','SH','BL','AB']",,,
"Meggy33.png","DE","Cmm","NO","Meggy Schlümer","YES",,"20121114",,"['TL','BL','FL']",,,
"Meggy34.png","DE","P4","NO","Meggy Schlümer","YES",,"20121113",,"['TL','AR','SH','AB','GE','GL']",,,
"Meggy35.png","DE","P6m","NO","Meggy Schlümer","YES",,"20121113",,"['AR','SH','AB','GL']",,,
"Meggy36.png","DE","P4m","NO","Meggy Schlümer","YES",,"20121113",,"['TL','AR','SH','AB','GE','GL']",,,
"Meggy37.png","DE","P1","NO","Meggy Schlümer","YES",,"20121115",,"['AR','SH','CR']",,,
"Meggy38.png","DE","P4","NO","Meggy Schlümer","YES",,"20121115",,"['TL','SH','AB','GE','GL']",,,
"Meggy39.png","DE","P6","NO","Meggy Schlümer","YES",,"20121115",,"['TL','SH','AB','GL']",,,
"Meggy40.png","DE","P6","NO","Meggy Schlümer","YES",,"20121115",,"['AR','SH','FL','GL']",,,
"Meggy41.png","DE","P6m","NO","Meggy Schlümer","YES",,"20121115",,"['AB','FL','OB','TL','GL','AR','SH']",,,
"Meggy42.png","DE","P6","NO","Meggy Schlümer","YES",,"20121115",,"['AB','FL','GL']",,,
"Meggy43.png","DE","P4m","NO","Meggy Schlümer","YES",,"20121115",,"['AB','SH','TL']",,,
"Meggy44.png","DE","P31m","NO","Meggy Schlümer","YES",,"20121115",,"['AB','SH','TL']",,,
"Meggy45.png","DE","Pmg","NO","Meggy Schlümer","YES","Ballspiel 2","20121116",,"['AB','CR','SH','BL','TL']",,,
"Meggy46.png","DE","Pg","NO","Meggy Schlümer","YES","Ballspiele","20121116",,"['AB','CR','TL','SH']",,,
"Meggy47.png","DE","P6m","NO","Meggy Schlümer","YES",,"20121116",,"['AB','SH','TL']",,,
"Meggy48.png","DE","P4m","NO","Meggy Schlümer","YES",,"20121116",,"['AB','SH','TL','GL']",,,
"Meggy49.png","DE","Cmm","NO","Meggy Schlümer","YES",,"20121117",,"['AB','TL','AR']",,,
"Meggy50.png","DE","P6","NO","Meggy Schlümer","YES",,"20121117",,"['AB','TL','AR']",,,
"Meggy51.png","DE","P3m1","NO","Meggy Schlümer","YES","Masken","20121117",,"['AB','BL','TL']",,,
"Meggy52.png","DE","P6","NO","Meggy Schlümer","YES",,"20121117",,"['AB','BL','TL']",,,
"Meggy53.png","DE","P4m","NO","Meggy Schlümer","YES",,"20121117",,"['AB','BL','TL']",,,
"Meggy54.png","DE","P6m","NO","Meggy Schlümer","YES",,"20121117",,"['AB','SH','TL','AR','GL','3D']",,,
"Meggy55.png","DE","P4m","NO","Meggy Schlümer","YES",,"20121117",,"['AB','TL']",,,
"Meggy56.png","DE","P4g","NO","Meggy Schlümer","YES","Kofferparade","20121117",,"['AB','OB','AR','SH']",,,
"Meggy57.png","DE","P4m","NO","Meggy Schlümer","YES",,"20121117",,"['AB','AR','SH']",,,
"Meggy58.png","DE","P4m","NO","Meggy Schlümer","YES",,"20121117",,"['AB','TL']",,,
"Meggy59.png","DE","P31m","NO","Meggy Schlümer","YES","Kornblumenblau","20121117",,"['AB','TL','GL']",,,
"Meggy60.png","DE","P4m","NO","Meggy Schlümer","YES",,"20121118",,"['AB','TL','AR','SH']",,,
"Meggy61.png","DE","Pmm","NO","Meggy Schlümer","YES",,"20121118",,"['AB','TL','AR','SH']",,,
"Meggy62.png","DE","P6","NO","Meggy Schlümer","YES","Blumenreigen","20121119",,"['AB','FL','AR','TL','GL']",,,
"Meggy63.png","DE","P31m","NO","Meggy Schlümer","YES","Seltene Tiefseefische","20121120",,"['AB','CR','FL','SH','BL','TL','AR','GL']",,,
"Meggy64.png","DE","P6m","NO","Meggy Schlümer","YES",,"20121121",,"['AB','TL','BL']",,,
"Meggy65.png","DE","P4g","NO","Meggy Schlümer","YES",,"20121121",,"['AB','TL','BL']",,,
"Meggy66.png","DE","P4m","NO","Meggy Schlümer","YES","Bunte Mischung","20121123",,"['AB','TL','GL','SH','GE']",,,
"Meggy67.png","DE","P6m","NO","Meggy Schlümer","YES","Engel und Lebkuchen","20121124",,"['CR','TL','SH','AR','GL','OB']",,,
"Meggy68.png","DE","P4m","NO","Meggy Schlümer","YES","Pointillismus 1","20121125",,"['AB','TL','SH','GL']",,,
"Meggy69.png","DE","P6","NO","Meggy Schlümer","YES","Pointillismus 2","20121125",,"['AB','TL','SH','GL','GE']",,,
"Meggy70.png","DE","P31m","NO","Meggy Schlümer","YES","Flowerpower","20121125",,"['AB','AR','FL','SH']",,,
"Meggy71.png","DE","P6m","NO","Meggy Schlümer","YES","Renaturierung","20121126",,"['AB','TL','SH','FL']",,,
"Meggy72.png","DE","P6","NO","Meggy Schlümer","YES","Renaturierung 2","20121126",,"['AB','TL','SH','FL']",,,
"Meggy74.png","DE","P4m","NO","Meggy Schlümer","YES","Prinzessinen","20121127",,"['AB','AR','SH','CR']",,,
"Meggy75.png","DE","P6m","NO","Meggy Schlümer","YES",,"20121127",,"['AB']",,,
"Meggy76.png","DE","P4m","NO","Meggy Schlümer","YES","Gold","20121127",,"['AB','TL','GL','SH']",,,
"Meggy77.png","DE","P4g","NO","Meggy Schlümer","YES","Patchwork 1","20121128",,"['AB','TL','SH','AR','GE']",,,
"Meggy78.png","DE","P4m","NO","Meggy Schlümer","YES","Patchwork 2","20121128",,"['AB','TL','SH','AR']",,,
"Meggy79.png","DE","Cmm","NO","Meggy Schlümer","YES","Patchwork 3","20121128",,"['AB','TL']",,,
"Meggy80.png","DE","P31m","NO","Meggy Schlümer","YES","Ein Troll","20121129",,"['AB','TL','GL']",,,
"Meggy81.png","DE","P4m","NO","Meggy Schlümer","YES","Unter Strom","20121130",,"['AB','AR']",,,
"Meggy82.png","DE","Pmm","NO","Meggy Schlümer","YES","In der Lampenfabrik","20121130",,"['AB','AR']",,,
"Meggy83.png","DE","Cm","NO","Meggy Schlümer","YES","Marionetten","20121130",,"['AB','TL','GL','SH','OB']",,,
"Meggy84.png","DE","Cmm","NO","Meggy Schlümer","YES","Versunkenheit","20121201",,"['AB','TL','SH','GL']",,,
"Meggy85.png","DE","P3m1","NO","Meggy Schlümer","YES","Auf der Weide","20121201",,"['AB','TL','SH']",,,
"Meggy86.png","DE","P4m","NO","Meggy Schlümer","YES",,"20121202",,"['AB','TL','SH','GL']",,,
"Meggy87.png","DE","P6","NO","Meggy Schlümer","YES",,"20121202",,"['AB','TL','AR','FL','GL']",,,
"Meggy88.png","DE","Cm","NO","Meggy Schlümer","YES","In der Schneiderei","20121204",,"['AB','AR','SH','BL','OB']",,,
"Meggy89.png","DE","Pmg","NO","Meggy Schlümer","YES","Nachtgestalten","20121204",,"['AB','TL','SH','GL']",,,
"Meggy90.png","DE","P6m","NO","Meggy Schlümer","YES",,"20121204",,"['AB','AR','BL','TL']",,,
"Meggy91.png","DE","Pmm","NO","Meggy Schlümer","YES","Säulen","20121204",,"['AB','AR','BL','TL']",,,
"Meggy92.png","DE","P3m1","NO","Meggy Schlümer","YES",,"20121204",,"['AB','AR','BL','TL']",,,
"Meggy93.png","DE","Pm","NO","Meggy Schlümer","YES","Kater Kunibert","20121205",,"['AB','CR','BL','GL','SH']",,,
"Meggy94.png","DE","P4g","NO","Meggy Schlümer","YES","Leuchtkäferchen","20121205",,"['AB','CR','GL','TL','BL','SH']",,,
"Meggy95.png","DE","P4m","NO","Meggy Schlümer","YES",,"20121205",,"['AB','GL','TL','BL','SH','GE']",,,
"Meggy96.png","DE","P4g","NO","Meggy Schlümer","YES","A lucky man","20121206",,"['AB','TL','SH','CR']",,,
"Meggy97.png","DE","P4m","NO","Meggy Schlümer","YES",,"20121206",,"['AB','TL','SH']",,,
"Meggy98.png","DE","P4g","NO","Meggy Schlümer","YES","A lucky woman","20121207",,"['AB','TL','SH','CR']",,,
"Meggy99.png","DE","P4g","NO","Meggy Schlümer","YES","A lucky child","20121207",,"['AB','TL','SH','CR']",,,
"Meggy100.png","DE","P4g","NO","Meggy Schlümer","YES","Der gute Hirte","20121207",,"['AB','TL','SH','CR']",,,
"Meggy101.png","DE","P6m","NO","Meggy Schlümer","YES",,"20121207",,"['AB']",,,
"Meggy102.png","DE","P4g","NO","Meggy Schlümer","YES",,"20121207",,"['AB','TL','SH','GL','GE']",,,
"Meggy103.png","DE","P4g","NO","Meggy Schlümer","YES","Stripes","20121208",,"['AB','TL','SH','GL','GE']",,,
"Meggy104.png","DE","P4m","NO","Meggy Schlümer","YES",,"20121208",,"['AB','TL','SH']",,,
"Meggy105.png","DE","P4m","NO","Meggy Schlümer","YES","Mice","20121208",,"['AB','CR']",,,
"Meggy106.png","DE","P4g","NO","Meggy Schlümer","YES","Toys","20121208",,"['AB','TL','SH','OB','CR','AR']",,,
"Meggy108.png","DE","P3m1","NO","Meggy Schlümer","YES","Bunter Teller","20121210",,"['AB','OB','FL','TL']",,,
"Meggy109.png","DE","P6m","NO","Meggy Schlümer","YES","Bunter Teller","20121210",,"['AB','OB','FL','TL']",,,
"Meggy110.png","DE","P6m","NO","Meggy Schlümer","YES","Papiersterne","20121210",,"['AB','AR','SH','GL','OB']",,,
"Meggy111.png","DE","P3m1","NO","Meggy Schlümer","YES",,"20121210",,"['AB','AR','SH','OB']",,,
"Meggy112.png","DE","P6m","NO","Meggy Schlümer","YES",,"20121210",,"['AB','AR','SH']",,,
"Meggy113.png","DE","P3","NO","Meggy Schlümer","YES",,"20121210",,"['AB','AR','SH']",,,
"Meggy114.png","DE","P1","NO","Meggy Schlümer","YES","Der einsame Schneemann","20121211",,"['AB','CR','OB','AR','SH']",,,
"Meggy115.png","DE","P4m","NO","Meggy Schlümer","YES",,"20121211",,"['AB','BL','GE']",,,
"Meggy116.png","DE","P6m","NO","Meggy Schlümer","YES",,"20121212",,"['AB','TL','GL','FL']",,,
"Meggy117.png","DE","Cm","NO","Meggy Schlümer","YES","Krimiabend","20121212",,"['AB','CR','AR','SH']",,,
"Meggy118.png","DE","P6","NO","Meggy Schlümer","YES",,"20121212",,"['AB','OB','FL','TL','SH']",,,
"Meggy119.png","DE","P6","NO","Meggy Schlümer","YES",,"20121212",,"['AB','GL','TL','SH']",,,
"Meggy120.png","DE","P6m","NO","Meggy Schlümer","YES","Perlen","20121215",,"['AB','OB','GL','TL']",,,
"Meggy121.png","DE","P6","NO","Meggy Schlümer","YES","Perlen 2","20121215",,"['AB','OB','GL','TL']",,,
"Meggy122.png","DE","Cm","NO","Meggy Schlümer","YES","A bridge","20121208",,"['AB','OB','SH','BL','TL','AR']",,,
"Meggy123.png","DE","P3","NO","Meggy Schlümer","YES","Lines and Dots","20121216",,"['TL','OB','SH']",,,
"Meggy124.png","DE","P3","NO","Meggy Schlümer","YES","Mikado","20121216",,"['TL','OB','SH']",,,
"Meggy125.png","DE","P4m","NO","Meggy Schlümer","YES","In der Gemäldegalerie","20121216",,"['BL','GL','TL','AR','SH']",,,
"Meggy126.png","DE","P4m","NO","Meggy Schlümer","YES",,"20121216",,"['TL','AR','SH','BL','GL','GE']",,,
"Meggy127.png","DE","P6","NO","Meggy Schlümer","YES",,"20121218",,"['TL','SH','BL']",,,
"Meggy128.png","DE","P6","NO","Meggy Schlümer","YES",,"20121218",,"['TL']",,,
"Meggy129.png","DE","P6m","NO","Meggy Schlümer","YES",,"20121218",,"['TL','FL','AR','SH','BL']",,,
"Meggy130.png","DE","P4m","NO","Meggy Schlümer","YES",,"20121218",,"['TL','SH']",,,
"Meggy131.png","DE","P4m","NO","Meggy Schlümer","YES",,"20121219",,"['FL','AR']",,,
"Meggy132.png","DE","P3","NO","Meggy Schlümer","YES",,"20121220",,"['OB','BL','SH','TL','AR','GL']",,,
"Meggy133.png","DE","P6m","NO","Meggy Schlümer","YES","Kirmes","20121220",,"['TL','SH','GE']",,,
"Meggy134.png","DE","Pmg","NO","Meggy Schlümer","YES","Schutzengel","20121220",,"['CR','TL','AR','GL']",,,
"Meggy135.png","DE","P4m","NO","Meggy Schlümer","YES","Orientalische Sitzkissen","20121220",,"['OB','GL','TL','AR']",,,
"Meggy136.png","DE","P6m","NO","Meggy Schlümer","YES",,"20121220",,"['AR','SH','BL']",,,
"Meggy137.png","DE","P6","NO","Meggy Schlümer","YES",,"20121220",,"['TL','SH','GE']",,,
"Meggy138.png","DE","P2","NO","Meggy Schlümer","YES","Memory","20121221",,"['OB','FL','CR','SH','TL']",,,
"Meggy139.png","DE","P3m1","NO","Meggy Schlümer","YES","Kaugummiautomaten","20121223",,"['TL','GL','SH','GE']",,,
"Meggy140.png","DE","P6m","NO","Meggy Schlümer","YES",,"20121223",,"['TL','AR','SH']",,,
"Meggy141.png","DE","Pg","NO","Meggy Schlümer","YES","White Birds","20121223",,"['CR','TL','SH']",,,
"Meggy142.png","DE","P4g","NO","Meggy Schlümer","YES","Butterflies","20121223",,"['CR','TL','SH']",,,
"Meggy143.png","DE","P6m","NO","Meggy Schlümer","YES",,"20121223",,"['TK','SH','GE']",,,
"Meggy144.png","DE","P4m","NO","Meggy Schlümer","YES",,"20121223",,"['AR','SH']",,,
"Meggy145.png","DE","P1","NO","Meggy Schlümer","YES","And now something completely different","20121226",,"['FL','AR','GL','BL','SH']",,,
"Meggy146.png","DE","P1","NO","Meggy Schlümer","YES","And now something completely different 2","20121226",,"['FL','AR','GL','BL','SH']",,,
"Meggy147.png","DE","P4g","NO","Meggy Schlümer","YES","Herzlichst","20121226",,"['OB','AR']",,,
"Meggy148.png","DE","P3","NO","Meggy Schlümer","YES","Die kleine Raupe","20121227",,"['CR','AR','SH']",,,
"Meggy149.png","DE","P6","NO","Meggy Schlümer","YES",,"20121227",,"['TL','GL','SH','BL','GE']",,,
"Meggy150.png","DE","P6m","NO","Meggy Schlümer","YES",,"20121227",,"['TL','GL','SH','BL','GE']",,,
"Meggy151.png","DE","P6m","NO","Meggy Schlümer","YES","Prilblumen","20121227",,"['FL','GE']",,,
"Meggy152.png","DE","P6","NO","Meggy Schlümer","YES","Prilblumen2","20121227",,"['FL','GE']",,,
"Meggy153.png","DE","P1","NO","Meggy Schlümer","YES","Hochgestapelt","20121227",,"['OB','AR','TL','3D']",,,
"Meggy154.png","DE","P6","NO","Meggy Schlümer","YES",,"20121227",,"['FL','SH','TL','AR']",,,
"Meggy155.png","DE","Pmg","NO","Meggy Schlümer","YES","Kicker","20121231",,"['OB']",,,
"Meggy156.png","DE","P4","NO","Meggy Schlümer","YES",,"20121231",,"['TL']",,,
"Meggy157.png","DE","P6m","NO","Meggy Schlümer","YES",,"20121231",,"['SH','BL','GL','GE']",,,
"Meggy158.png","DE","P4m","NO","Meggy Schlümer","YES",,"20121231",,"['TL','GL','SH']",,,
"MeggyR1.png","DE","Rosette","YES","Meggy Schlümer","YES","Lichterkette","20121216",,"['AR','TL','GL']",,,
"MeggyR2.png","DE","Rosette","YES","Meggy Schlümer","YES",,"20121220",,"['TL','SH','GL']",,,
"MeggyR3.png","DE","Rosette","YES","Meggy Schlümer","YES",,"20121224",,"['TL','SH']",,,
"MeggyR4.png","DE","Rosette","YES","Meggy Schlümer","YES",,"20121224",,"['TL','SH','GL','OB']",,,
"MeggyR5.png","DE","Rosette","YES","Meggy Schlümer","YES",,"20121228",,"['TL','SH','GL']",,,
"MeggyR6.png","DE","Rosette","YES","Meggy Schlümer","YES",,"20121228",,"['TL','SH','GL','BL']",,,
"MeggyR7.png","DE","Rosette","YES","Meggy Schlümer","YES",,"20121228",,"['TL','SH','GL','BL']",,,
"MeggyR8.png","DE","Rosette","YES","Meggy Schlümer","YES",,"20121228",,"['TL','SH','GL','BL']",,,
"MeggyR9.png","DE","Rosette","YES","Meggy Schlümer","YES",,"20121228",,"['SH']",,,
"MeggyR10.png","DE","Rosette","YES","Meggy Schlümer","YES",,"20121228",,"['TL','SH']",,,
"MeggyR11.png","DE","Rosette","YES","Meggy Schlümer","YES",,"20121228",,"['TL','SH']",,,
"MeggyR12.png","DE","Rosette","YES","Meggy Schlümer","YES",,"20121228",,"['TL','SH']",,,
"MeggyR13.png","DE","Rosette","YES","Meggy Schlümer","YES",,"20121229",,"['TL','SH','GL']",,,
"MeggyR14.png","DE","Rosette","YES","Meggy Schlümer","YES",,"20121229",,"['TL','SH','GL','BL']",,,
"MeggyR16.png","DE","Rosette","YES","Meggy Schlümer","YES",,"20121229",,"['TL','SH','AR','OB']",,,
"MeggyR17.png","DE","Rosette","YES","Meggy Schlümer","YES",,"20121230",,"['TL','SH','AR','FL']",,,
"MeggyR19.png","DE","Rosette","YES","Meggy Schlümer","YES",,"20121231",,"['AR','SH','OB','FL']",,,
"MeggyR20.png","DE","Rosette","YES","Meggy Schlümer","YES",,"20121231",,"['BL']",,,
"MeggyR21.png","DE","Rosette","YES","Meggy Schlümer","YES",,"20121231",,"['TL','SH']",,,
"MeggyR22.png","DE","Rosette","YES","Meggy Schlümer","YES",,"20121231",,"['TL','SH']",,,
"MeggyR23.png","DE","Rosette","YES","Meggy Schlümer","YES",,"20130101",,"['CR','AR','SH']",,,
"MeggyR24.png","DE","Rosette","YES","Meggy Schlümer","YES",,"20130101",,"['CR','AR','SH']",,,
"MeggyR25.png","DE","Rosette","YES","Meggy Schlümer","YES",,"20130101",,"['GE','TL','AR']",,,
"MeggyR26.png","DE","Rosette","YES","Meggy Schlümer","YES",,"20130101",,"['GL','TL','SH']",,,
"MeggyR27.png","DE","Rosette","YES","Meggy Schlümer","YES",,"20130101",,"['GL','TL','SH']",,,
"MeggyR28.png","DE","Rosette","YES","Meggy Schlümer","YES",,"20130101",,"['GE','AR','TL','SH']",,,
"MeggyR29.png","DE","Rosette","YES","Meggy Schlümer","YES",,"20130101",,"['GL','BL']",,,
"MeggyR30.png","DE","Rosette","YES","Meggy Schlümer","YES",,"20130101",,"['TL','AR','GL']",,,
"Toni1.png","ES","P4","NO","Antonio Lirio","YES","Moriscan Shuriken","20121020",,"['AR','SH','GE','AB']",,,
"Toni2.png","ES","P6m","NO","Antonio Lirio","YES","Blue little hearts","20121017",,"['AR','TL','SH','GE','AB']",,,
"Toni3.png","ES","Cm","NO","Antonio Lirio","YES","A crowd of strange guys","20121102",,"['AR','SH','CR']",,,
"Toni4.png","ES","Cm","NO","Antonio Lirio","YES","Chica bonita","20121102",,"['AR','SH','CR']",,,
"Toni13.png","ES","P4m","NO","Antonio Lirio","YES","Andalusian tile I","20121011",,"['TL','SH','AB','GE']",,,
"Toni5.png","ES","P6m","NO","Antonio Lirio","YES","Andalusian tile II","20121102",,"['TL','SH','AB']",,,
"Toni6.png","ES","Pgg","NO","Antonio Lirio","YES","Red doodles","20121102",,"['AR','SH','AB','GE','OB','3D']",,,
"Toni7.png","ES","Pgg","NO","Antonio Lirio","YES","Autumn","20121102",,"['TL','SH','FL']",,,
"Toni8.png","ES","P4g","NO","Antonio Lirio","YES","Puzzle","20121102",,"['TL','SH','OB','GE']",,,
"Toni9.png","ES","P4g","NO","Antonio Lirio","YES","Dice","20121102",,"['AR','SH','OB','GE','3D']",,,
"Toni10.png","ES","Pgg","NO","Antonio Lirio","YES","Chainrope","20121102",,"['TL','SH','OB','GE','3D']",,,
"Toni11.png","ES","Cm","NO","Antonio Lirio","YES","Dan&ccedil;a de la mort","20121018",,"['AR','SH','CR','GL']",,,
"Toni12.png","ES","P31m","NO","Antonio Lirio","YES","Cromosome","20121011",,"['AR','TL','SH','AB','GE']",,,
"Toni14.png","ES","P1","NO","Antonio Lirio","YES","Just a golden mobius ring","20121223",,"['TL','SH','AR','GE','OB','3D']",,,
"Odicor1.png","IT","P4g","NO","Corrado","YES",,"20121101",,"['TL','SH','GL']",,,
"Odicor2.png","IT","P6","NO","Corrado","YES",,"20121101",,"['TL','AR','SH']",,,
"Alexander.png","DE","P6m","NO","Tietzy","YES","Electric Flowers","20121028",,"['TL','SH','GL','FL']",,,
"Ali.png","GB","P6m","NO","Ali","YES",,"20121030",,"['TL','SH','AB']",,,
"BingBang.png","CA","Pgg","NO","Jesse","YES",,"20121030",,"['TL','SH','AB']",,,
"David1.png","US","P6m","NO","David Harty","YES","World Journey","20121018",,"['TL','AR','SH','AB']",,,
"David2.png","US","P6m","NO","David Harty","YES","Many Stones","20121018",,"['TL','AR','SH','AB']",,,
"Davide1.png","IT","P4g","NO","Davide","YES","Cronico","20121108",,"['TL','SH','BL','AB','GL','GE']",,,
"Dawn1.png","US","P6m","NO","TweedleDitz","YES",,"20121023",,"['AR','SH','AB']",,,
"Dawn2.png","US","P3m1","NO","TweedleDitz","YES",,"20121017",,"['AR','SH','AB']",,,
"Dawn3.png","US","P6m","NO","TweedleDitz","YES",,"20121011",,"['TL','SH','AB','FL','GE']",,,
"Dawn4.png","US","Cm","NO","TweedleDitz","YES",,"20121012",,"['AR','SH','AB','GE','3D']",,,
"Dawn5.png","US","Cm","NO","TweedleDitz","YES",,"20121012",,"['AB']",,,
"Dawn6.png","US","Cm","NO","TweedleDitz","YES",,"20121012",,"['AB']",,,
"Dawn7.png","US","P4m","NO","TweedleDitz","YES",,"20121231",,"['TL','AR','SH','GE']",,,
"DrNoe1.png","US","P6m","NO","Aries1964","YES",,"20121025",,"['AB','SH']",,,
"DrNoe2.png","US","P6m","NO","Aries1964","YES",,"20121025",,"['AB','SH']",,,
"DrNoe3.png","US","P6m","NO","Aries1964","YES",,"20121025",,"['AB','SH']",,,
"DrNoe4.png","US","P6m","NO","Aries1964","YES",,"20121025",,"['AB','SH']",,,
"DrNoe5.png","US","P6m","NO","Aries1964","YES",,"20121025",,"['AB','SH']",,,
"DrNoe6.png","US","P6","NO","Aries1964","YES",,"20121025",,"[,'AB','SH']",,,
"DrNoe7.png","US","P6m","NO","Aries1964","YES",,"20121025",,"['TL','AB','SH']",,,
"DrNoe8.png","US","P6m","NO","Aries1964","YES",,"20121025",,"['AB','SH']",,,
"Evynne.png","US","P6m","NO","Ev","YES",,"20121020",,"['TL','AB','GL','SH']",,,
"Hennes1.png","DE","P4g","NO","Hennes","YES",,"20121101",,"['TL','AR','AB','SH','GL','GE','3D']",,,
"Hennes2.png","DE","P6","NO","Hennes","YES",,"20121011",,"['TL','AR','AB','BL','SH','GL','GE']",,,
"Hennes3.png","DE","P6m","NO","Hennes","YES",,"20121012",,"['AR','AB','BL']",,,
"Hennes4.png","DE","P6m","NO","Hennes","YES",,"20121013",,"['TL','AB','GL','SH']",,,
"Hennes5.png","DE","Cm","NO","Hennes","YES",,"20121016",,"['AR','AB','GL','GE','SH']",,,
"HennesR1.png","DE","Rosette","YES","Hennes","YES",,"20121221",,"['AR','AB','SH','GE','OB']",,,
"SamR1.png","US","Rosette","YES","Sam the Monkey","YES",,"20121220",,"['AB','TL','SH','GL']",,,
"Josua.png","AU","P6m","NO","Jj","YES","I like green","20121027",,"['AR','AB','GL','GE','BL']",,,
"Fish1.png","US","P3m1","NO","Fish","YES","Pink Panther Papierwolf","20121223",,"['TL','SH']",,,
"Juergen1.png","DE","P6m","NO","Jürgen","YES",,"20121030",,"['TL','AB','GL','SH']",,,
"Juergen2.png","DE","P3","NO","Jürgen","YES",,"20121025",,"['TL','AR','AB','OB','GL','SH']",,,
"Juergen3.png","DE","P6","NO","Jürgen","YES",,"20121024",,"['TL','AB','GL','SH']",,,
"Juergen4.png","DE","Cmm","NO","Jürgen","YES","Towers, redrawn after an idea of Antonio","20121016",,"['TL','AR','OB','GL','FL','3D','SH']",,,
"Juergen5.png","DE","P4g","NO","Jürgen","YES","Ginger the blue eyed cat","20121108",,"['TL','SH','AR','CR']",,,
"Juergen8.png","DE","P3","NO","Jürgen","YES","Locked","20121109",,"['TL','SH','AR','AB','GE','3D','GL']",,,
"Juergen9.png","DE","P3","NO","Jürgen","YES","Locked II","20121109",,"['TL','SH','AR','AB','GE','3D','GL']",,,
"Juergen6.png","DE","P1","NO","Jürgen","YES","Two of a kind","20121109",,"['AR','SH','AB','GE','3D','GL']",,,
"Juergen7.png","DE","P3","NO","Jürgen","YES","Everything's connected, is it?","20121110",,"['TL','SH','AR','AB','GE','3D','GL']",,,
"Juergen10.png","DE","P4","NO","Jürgen","YES",,"20121025",,"['TL','AR','AB','GE']",,,
"Juergen11.png","DE","P3m1","NO","Jürgen","YES","Art Nouveau","20120919",,"['TL','SH','AB','GE']",,,
"Juergen12.png","DE","P6","NO","Jürgen","YES",,"20121119",,"['AB','3D','AR','FL']",,,
"Juergen13.png","DE","P4g","NO","Jürgen","YES",,"20121120",,"['AB','3D','AR','CR','GL']",,,
"Juergen14.png","DE","P6","NO","Jürgen","YES","Tatoo","20121123",,"['AB','AR','3D','GE','SH']",,,
"Juergen15.png","DE","P6m","NO","Jürgen","YES","Opal","20121124",,"['AB','GL','AR','3D','GE','OB','SH']",,,
"Juergen16.png","DE","P6m","NO","Jürgen","YES","Opal II","20121224",,"['GL','AR','3D','GE','OB','SH']",,,
"Juergen17.png","DE","P4g","NO","Jürgen","YES","Mr Voodoo","20121208",,"['TL','GL','BL','CR','SH']",,,
"Juergen18.png","DE","P6m","NO","Jürgen","YES","Snow","20121208",,"['TL','GL','OB','SH']",,,
"Juergen19.png","DE","P4","NO","Jürgen","YES","Snake,Snake,Snake,...","20121220",,"['TL','CR','SH']",,,
"Juergen20.png","DE","P3","NO","Jürgen","YES",,"20121224",,"['TL','AR','GE','3D','SH']",,,
"TupditR1.png","HU","Rosette","YES","Tupdit","YES","Merry Christmas","20121224",,"['TL','BL','GL']",,,
"TupditR2.png","HU","Rosette","YES","Tupdit","YES","The Globe Lamps","20121229",,"['TL','BL','SH','GL']",,,
"Lopguy1.png","CA","P6m","NO","Lopguy","YES",,"20121222",,"['TL','AR','GL']",,,
"Lopguy2.png","CA","P4m","NO","Lopguy","YES","Rosy","20121223",,"['TL','FL','AR','GL']",,,
"Lopguy3.png","CA","P3","NO","Lopguy","YES","Merry Christmas 2012","20121223",,"['TL','FL','AR','GL']",,,
"Lopguy4.png","CA","P4g","NO","Lopguy","YES","Dont monkey with me","20121223",,"['TL','CR']",,,
"Lopguy5.png","CA","P4","NO","Lopguy","YES","A stitch in time","20121225",,"['TL','GE','SH','3D']",,,
"Lopguy6.png","CA","P3","NO","Lopguy","YES","Triangular extrusion bracket","20121231",,"['AR','GE','SH','3D']",,,
"CarcarR1.png","US","Rosette","YES","Carcar","YES","Spanish dance","20121225",,"['TL','SH']",,,
"CarcarR2.png","US","Rosette","YES","Carcar","YES","Rose","20121225",,"['TL','SH']",,,
"CarcarR3.png","US","Rosette","YES","Carcar","YES","Beauty","20121225",,"['TL','SH']",,,
"CarcarR4.png","US","Rosette","YES","Carcar","YES","Sunflower","20121229",,"['TL','SH']",,,
"CarcarR5.png","US","Rosette","YES","Carcar","YES",,"20121231",,"['TL','SH','GL']",,,
"JessieR1.png","US","Rosette","YES","Jessie","YES",,"20121221",,"['TL','GL','CR']",,,
"Jessie1.png","US","P4m","No","Jessie","YES",,"20121223",,"['TL','SH']",,,
"Jessie2.png","US","P4m","No","Jessie","YES",,"20121223",,"['TL','SH']",,,
"Jessie3.png","US","Cm","No","Jessie","YES",,"20121223",,"['TL','SH']",,,
"Jessie4.png","US","P4g","No","Jessie","YES",,"20121223",,"['TL','SH']",,,
"Jessie5.png","US","P4","No","Jessie","YES",,"20121223",,"['TL','SH','GL']",,,
"Jessie6.png","US","P6m","No","Jessie","YES",,"20121224",,"['TL','SH','AR']",,,
"Jessie7.png","US","P4m","No","Jessie","YES",,"20121224",,"['TL','SH']",,,
"Jessie8.png","US","P6m","No","Jessie","YES",,"20121224",,"['TL','BL']",,,
"Jessie9.png","US","P6m","No","Jessie","YES",,"20121224",,"['TL','SH','GL','BL']",,,
"Jessie10.png","US","Pm","No","Jessie","YES",,"20121224",,"['TL','SH','FL']",,,
"Jessie11.png","US","P4m","No","Jessie","YES",,"20121226",,"['TL','SH','GL']",,,
"Jaromir1.png","CZ","P6m","No","Jaromir","YES",,"20121226",,"['TL','SH']",,,
"Samuel.png","DE","Cmm","NO","Sambadude","YES","Quick Drawing","20121031",,"['TL','SH','AB']",,,
"Samuel2.png","DE","P4m","NO","Sambadude","YES",,"20121031",,"['TL','SH','AB','GE']",,,
"Sophia1.png","DE","P6m","NO","Sophia","YES",,"20121031",,"['TL','AR','SH','BL','AB']",,,
"Ri1.png","US","P6m","NO","Ri","YES",,"20121103",,"['TL','SH','AB']",,,
"Ri2.png","US","P31m","NO","Ri","YES",,"20121103",,"['TL','SH','AB']",,,
"Steve1.png","GB","P3m1","NO","Steven Hall","YES",,"20121020",,"['AR','SH','AB','GE']",,,
"Steve10.png","GB","P4g","NO","Steven Hall","YES",,"20121103",,"['AR','SH','AB','GE','GL']",,,
"Steve2.png","GB","P3","NO","Steven Hall","YES",,"20121019",,"['AR','SH','AB','GE','GL','3D','OB']",,,
"Steve3.png","GB","P6","NO","Steven Hall","YES",,"20121019",,"['AR','SH','AB','GE']",,,
"Steve4.png","GB","P31m","NO","Steven Hall","YES",,"20121019",,"['AR','SH','AB','GE','GL']",,,
"Steve5.png","GB","P6m","NO","Steven Hall","YES",,"20121017",,"['AR','SH','AB','GE']",,,
"Steve6.png","GB","P31m","NO","Steven Hall","YES",,"20121015",,"['AR','SH','AB','GE','3D']",,,
"Steve7.png","GB","P31m","NO","Steven Hall","YES",,"20121015",,"['AR','SH','AB','GE']",,,
"Steve8.png","GB","P3m1","NO","Steven Hall","YES",,"20121015",,"['AR','SH','AB','GE','GL','3D']",,,
"Steve9.png","GB","P6","NO","Steven Hall","YES",,"20121015",,"['AR','TL','SH','AB','GE']",,,
"Steve11.png","GB","P3","NO","Steven Hall","YES",,"20121018",,"['AR','SH','AB','GE']",,,
"Steve12.png","GB","P4g","NO","Steven Hall","YES",,"20121016",,"['AR','SH','AB','GE']",,,
"Suzanne1.png","US","P3m1","NO","Momof3inva","YES",,"20121031",,"['TL','SH','AB']",,,
"Suzanne2.png","US","Pmm","NO","Momof3inva","YES",,"20121030",,"['TL','BL','AB']",,,
"Suzanne3.png","US","Pmg","NO","Momof3inva","YES",,"20121025",,"['TL','SH','AB']",,,
"Suzanne4.png","US","P6m","NO","Momof3inva","YES",,"20121024",,"['TL','SH','AB','GL']",,,
"Suzanne5.png","US","P31m","NO","Momof3inva","YES",,"20121023",,"['TL','BL','AB','GL']",,,
"Suzanne6.png","US","P31m","NO","Momof3inva","YES",,"20121023",,"['TL','BL','AB','GL']",,,
"Suzanne7.png","US","P6","NO","Momof3inva","YES",,"20121023",,"['AR','BL','FL']",,,
"Suzanne8.png","US","P31m","NO","Momof3inva","YES",,"20121020",,"['TL','SH','AB']",,,
"Suzanne9.png","US","P6m","NO","Momof3inva","YES",,"20121018",,"['TL','SH','AB','GL']",,,
"Suzanne10.png","US","P6m","NO","Momof3inva","YES",,"20121017",,"['TL','SH','AB','GL']",,,
"Suzanne11.png","US","P6m","NO","Momof3inva","YES",,"20121017",,"['TL','SH','AB','GL']",,,
"Suzanne12.png","US","Cm","NO","Momof3inva","YES","Love abounds","20121107",,"['AR','SH','OB']",,,
"Suzanne13.png","US","P1","NO","Momof3inva","YES","Rose","20121107",,"['AR','SH','FL']",,,
"Suzanne14.png","US","P1","NO","Momof3inva","YES","Fish","20121110",,"['AR','TL','SH','BL','CR']",,,
"Suzanne15.png","US","P4m","NO","Momof3inva","YES","Fish","20121110",,"['TL','SH','AB']",,,
"Suzanne16.png","US","P6m","NO","Momof3inva","YES","Flower","20121109",,"['AR','SH','FL']",,,
"Suzanne17.png","US","Pm","NO","Momof3inva","YES","It's raining cats and dogs","20121109",,"['AR','SH','CR']",,,
"Suzanne18.png","US","P6m","NO","Momof3inva","YES",,"20121119",,"['TL','SH']",,,
"Suzanne19.png","US","P3m1","NO","Momof3inva","YES",,"20121119",,"['AB','TL','SH']",,,
"Suzanne20.png","US","P4m","NO","Momof3inva","YES",,"20121120",,"['AB','TL','SH']",,,
"Suzanne21.png","US","P4g","NO","Momof3inva","YES",,"20121121",,"['AB','TL','SH']",,,
"Suzanne23.png","US","Pg","NO","Momof3inva","YES",,"20121122",,"['AB','AR','SH']",,,
"Suzanne24.png","US","P6m","NO","Momof3inva","YES",,"20121130",,"['AB','TL','SH']",,,
"Suzanne25.png","US","P4g","NO","Momof3inva","YES",,"20121207",,"['AB','TL','SH']",,,
"Suzanne26.png","US","P6m","NO","Momof3inva","YES","Farwell to Dave Brubeck","20121206",,"['AB','TL','SH']",,,
"Suzanne27.png","US","P4m","NO","Momof3inva","YES",,"20121206",,"['AB','TL','SH']",,,
"Suzanne28.png","US","P3","NO","Momof3inva","YES",,"20121206",,"['AB','TL','SH']",,,
"Suzanne29.png","US","Pm","NO","Momof3inva","YES",,"20121206",,"['AB','TL','SH']",,,
"SuzanneR1.png","US","Rosette","YES","Momof3inva","YES",,"20121120",,"['TL','SH','AB','GL']",,,
"SuzanneR2.png","US","Rosette","YES","Momof3inva","YES",,"20121120",,"['TL','SH','AB','GL']",,,
"SuzanneR3.png","US","Rosette","YES","Momof3inva","YES",,"20121220",,"['TL','SH','AB','GL']",,,
"SuzanneR4.png","US","Rosette","YES","Momof3inva","YES",,"20121120",,"['TL','SH','AB','GL','GE']",,,
"Ulli1.png","DE","P31m","NO","ukor","YES",,"20121011",,"['TL','AR','SH','AB','GL']",,,
"Ulli2.png","DE","P31m","NO","ukor","YES",,"20121011",,"['TL','AR','SH','AB','GE']",,,
"Ulli3.png","DE","P6m","NO","ukor","YES",,"20121011",,"['TL','AR','BL','AB']",,,
"OperaGhost_1166037.png","US","P4g","NO","Opera Ghost","YES",,"20130102",,"['TL','SH','FL']",,,
"Ruba_1166038.png","US","P3","NO","Ruba","YES",,"20130102",,"['TL','SH','GL','GE']",,,
"Ruba_1166039.png","US","P4g","NO","Ruba","YES",,"20130103",,"['TL','AR','SH']",,,
"Lola_1166040.png","GB","P6m","NO","Lola","YES","Blue Curly","20130104",,"['TL','SH']",,,
"Ultraplex_1166041.png","IT","Pmm","NO","Ultraplex","YES",,"20130108",,"['AR','SH','CR','OB']",,,
"humiklibocek_1166042.png","TR","P6m","NO","humiklibocek","YES",,"20130112",,"['TL','SH']",,,
"jpcastro_1166043.png","MX","Pm","NO","jpcastro","YES",,"20130112",,"['CR','TL']",,,
"mjzalda_1166044.png","US","P6m","NO","mjzalda","YES",,"20130113",,"['TL','AR','SH']",,,
"mjzalda_1166045.png","US","Cmm","NO","mjzalda","YES",,"20130113",,"['TL','SH']",,,
"Gauner_1166046.png","DE","P4m","NO","Gauner","YES",,"20130113",,"['GL']",,,
"YaZvezda_1166047.png","US","P4m","NO","YaZvezda","YES","Beautiful art","20130113",,"['TL','SH']",,,
"RuthMeszaros_1166048.png","US","P4m","NO","Ruth Meszaros","YES",,"20130115",,"['AR','GE','SH']",,,
"RuthMeszaros_1166049.png","US","P4m","NO","Ruth Meszaros","YES","Tapestry design","20130117",,"['TL','SH','GE']",,,
"Tupdit_R_1166050.png","HU","Rosette","YES","Tupdit","YES","Simple lights","20130119",,"['GL','SH','BL']",,,
"Tupdit_R_1166051.png","HU","Rosette","YES","Tupdit","YES","Rugyek","20130112",,"['GL','SH','BL']",,,
"Tupdit_R_1166052.png","HU","Rosette","YES","Tupdit","YES","The Globe lamps","20121229",,"['GL','SH','BL']",,,
"Tupdit_R_1166053.png","HU","Rosette","YES","Tupdit","YES","Happy Chrishmas!","20121225",,"['GL','SH','BL','CR']",,,
"CTAF_1166054.png","US","P3m1","NO","CTAF","YES",,"20130119",,"['GE','AR','SH']",,,
"Dr.Satan_1166055.png","DE","P6","NO","Dr. Satan","YES","Alles in Allem...","20130121",,"['TL','AR','SH','CR']",,,
"Anders_1166056.png","US","P6m","NO","Anders","YES",,"20130120",,"['GE','AR','SH']",,,
"ElaineBradford_1166057.png","US","Pm","NO","Elaine Bradford ","YES","Butterfly hearts","20130121",,"['OB','GL','TL','CR']",,,
"ElaineBradford_1166058.png","US","P3m1","NO","Elaine Bradford ","YES","Bouquet of hearts","20130121",,"['OB','GL','TL','CR']",,,
"ElaineBradford_1166059.png","US","P6m","NO","Elaine Bradford ","YES","Stary Night","20130117",,"['SH','AR']",,,
"Bloodrose_1166060.png","US","P6m","NO","Bloodrose","YES",,"20130121",,"['TL','SH','GE']",,,
"Bloodrose_1166061.png","US","P6m","NO","Bloodrose","YES",,"20130115",,"['TL','BL']",,,
"Sabine_1166062.png","US","P6m","NO","Sabine","YES",,"20130121",,"['GE','AR']",,,
"Carmen_1166063.png","US","P6m","NO","Carmen","YES",,"20130122",,"['TL','AR','SH']",,,
"Pipo_1166064.png","BR","P3","NO","Pipo","YES","Fluffy side of the moon","20130122",,"['BL','AR','GE']",,,
"Pipo_1166065.png","BR","P1","NO","Pipo","YES",,"20130122",,"['CR','BL','AR']",,,
"ChefMazi_R_1166066.png","US","Rosette","YES","Chef Mazi","YES",,"20130122",,"['TL','GL']",,,
"Rutabaga_1166067.png","US","P6m","NO","Rutabaga","YES",,"20130123",,"['GE','GL','AR','SH']",,,
"Milica_1166068.png","RS","P4m","NO","Milica","YES",,"20130123",,"['TL','SH']",,,
"Juergen_1166069.png","DE","P3","NO","Jürgen","YES",,"20130123",,"['GE','3D','OB','TL']",,,
"Emmanuel_1166070.png","RE","P6m","NO","Emmanuel","YES",,"20130124",,"['FL','AR','SH']",,,
"Emmanuel_1166071.png","RE","P4m","NO","Emmanuel","YES",,"20130120",,"['TL','GL','SH','GE']",,,
"Emmanuel_1166072.png","RE","P4m","NO","Emmanuel","YES",,"20130120",,"['TL','SH','GL']",,,
"Emmanuel_R_1166073.png","RE","Rosette","YES","Emmanuel","YES",,"20130120",,"['FL','GL','SH']",,,
"Emmanuel_1166074.png","RE","P6m","NO","Emmanuel","YES",,"20130117",,"['FL','TL','SH']",,,
"Ubiquitous_1166075.png","US","P3m1","NO","Ubiquitous","YES",,"20130114",,"['CR','GL','TL']",,,
"Ubiquitous_1166076.png","US","Pg","NO","Ubiquitous","YES",,"20130124",,"['CR','TL','AR','SH']",,,
"Ubiquitous_1166077.png","US","Pmg","NO","Ubiquitous","YES",,"20130124",,"['CR','TL','AR','SH']",,,
"Ubiquitous_1166079.png","US","P3m1","NO","Ubiquitous","YES",,"20130125",,"['GE','GL','TL','SH']",,,
"Jackson_1166080.png","US","P6m","NO","Jackson","YES","Clor","20130125",,"['GL','BL']",,,
"Agnes_1166081.png","DE","P6m","NO","Agnes","YES",,"20130125",,"['FL','GE',,'TL','AR','SH']",,,
"MeggySchluemer_1166082.png","DE","P6m","NO","Meggy Schlümer","YES",,"20130103",,"['TL','SH','GL']",,,
"MeggySchluemer_1166083.png","DE","P4g","NO","Meggy Schlümer","YES",,"20130104",,"['TL','SH','GL','GE']",,,
"MeggySchluemer_1166084.png","DE","P6m","NO","Meggy Schlümer","YES",,"20130104",,"['TL','SH','GL','FL']",,,
"MeggySchluemer_R_1166085.png","DE","Rosette","YES","Meggy Schlümer","YES",,"20130104",,"['TL','GL','SH','FL']",,,
"MeggySchluemer_1166086.png","DE","P4m","NO","Meggy Schlümer","YES",,"20130106",,"['TL','AR','GL','SH','GE']",,,
"MeggySchluemer_1166087.png","DE","P6m","NO","Meggy Schlümer","YES","Little spiders Isabel and Antony","20130110",,"['CR','AR','TL']",,,
"MeggySchluemer_1166088.png","DE","P6m","NO","Meggy Schlümer","YES",,"20130110",,"['TL','AR','GL','GE']",,,
"MeggySchluemer_1166089.png","DE","Pm","NO","Meggy Schlümer","YES","Idylle Variante","20130113",,"['CR','OB','FL','GL','TL','AR']",,,
"MeggySchluemer_1166090.png","DE","P31m","NO","Meggy Schlümer","YES",,"20130113",,"['GE','AR']",,,
"MeggySchluemer_1166091.png","DE","P4m","NO","Meggy Schlümer","YES","Butterfly","20130114",,"['CR','FL','AR','TL','GL']",,,
"MeggySchluemer_1166092.png","DE","P3","NO","Meggy Schlümer","YES","Psychedelic flowers 2","20130115",,"['FL','AR','TL','GL']",,,
"MeggySchluemer_1166093.png","DE","P6m","NO","Meggy Schlümer","YES",,"20130120",,"['GE','3D','AR','SH','TL','GL']",,,
"MeggySchluemer_1166094.png","DE","P6","NO","Meggy Schlümer","YES",,"20130121",,"['GE','GL','TL','SH']",,,
"MeggySchluemer_R_1166095.png","DE","Rosette","YES","Meggy Schlümer","YES","Kinderkarussell","20130125",,"['CR','TL','GL']",,,
"MeggySchluemer_1166096.png","DE","P6m","NO","Meggy Schlümer","YES",,"20130125",,"['FL','TL','SH']",,,
"MeggySchluemer_1166097.png","DE","P6m","NO","Meggy Schlümer","YES",,"20130125",,"['FL','TL','SH']",,,
"MeggySchluemer_1166098.png","DE","P4g","NO","Meggy Schlümer","YES","ABC","20130127",,"['OB','TL','AR','SH']",,,
"MeggySchluemer_1166099.png","DE","P1","NO","Meggy Schlümer","YES","Über den Dächern von Berlin","20130127",,"['OB','SH']",,,
"Karl_1166100.png","DE","P6m","NO","Karl","YES",,"20130127",,"['TL',]",,,
"Max_1166101.png","MX","P6","NO","Max","YES","Figura mexicana","20130129",,"['GL','GE','TL','3D']",,,
"Max_1166102.png","MX","P4","NO","Max","YES","Max in the Space...","20130129",,"['CR','TL','SH']",,,
"DonB!_1166103.png","US","P4m","NO","DonB!","YES",,"20130129",,"['AR','BL','GE']",,,
"Rutabaga_1166104.png","US","P31m","NO","Rutabaga","YES","road signs these days","20130129",,"['GE','AR','SH','OB']",,,
"Rutabaga_1166105.png","US","P6m","NO","Rutabaga","YES",,"20130128",,"['TL','GE','SH','GL']",,,
"LovemyKingofThailand._1166106.png","TH","P6m","NO","Love my King of Thailand.","YES","Art of Thailand.","20130130",,"['TL','GL','BL','AR','GE']",,,
"GloriaCastel_1166107.png","MX","P6m","NO","Gloria Castel","YES",,"20130127",,"['TL','GL','BL']",,,
"GloriaCastel_1166108.png","MX","Pmg","NO","Gloria Castel","YES",,"20130127",,"['OB','TL','GE']",,,
"GloriaCastel_1166109.png","MX","Pgg","NO","Gloria Castel","YES",,"20130126",,"['TL','GL','BL']",,,
"GloriaCastel_1166110.png","MX","P6m","NO","Gloria Castel","YES",,"20130126",,"['TL','GL','BL']",,,
"GloriaCastel_1166111.png","MX","P6m","NO","Gloria Castel","YES",,"20130126",,"['GE','TL','GL','BL']",,,
"GloriaCastel_1166112.png","MX","P6","NO","Gloria Castel","YES",,"20130125",,"['TL','GL','BL','FL']",,,
"GloriaCastel_1166113.png","MX","P31m","NO","Gloria Castel","YES",,"20130125",,"['TL','GL','BL']",,,
"GloriaCastel_1166114.png","MX","P3m1","NO","Gloria Castel","YES",,"20130126",,"['TL','GL','BL']",,,
"AndreBenedito_R_1166115.png","BR","Rosette","YES","Andre Benedito","YES",,"20121227",,"['TL','GE','GL']",,,
"Juergen_R_1166116.png","DE","Rosette","YES","Jürgen","YES",,"20130106",,"['GE','GL','TL','AR']",,,
"Karl_R_1166117.png","DE","Rosette","YES","Karl","YES",,"20130127",,"['TL','GL']",,,
"Karl_R_1166118.png","DE","Rosette","YES","Karl","YES",,"20130127",,"['TL','GL']",,,
"MeggySchluemer_R_1166119.png","DE","Rosette","YES","Meggy Schlümer","YES",,"20130117",,"['TL','GL','SH']",,,
"MeggySchluemer_R_1166120.png","DE","Rosette","YES","Meggy Schlümer","YES","Angel of time Variante","20130105",,"['AR','CR']",,,
"MeggySchluemer_R_1166121.png","DE","Rosette","YES","Meggy Schlümer","YES",,"20130108",,"['GE','AR','SH']",,,
"MeggySchluemer_R_1166122.png","DE","Rosette","YES","Meggy Schlümer","YES",,"20130108",,"['GE','AR','SH']",,,
"MeggySchluemer_R_1166123.png","DE","Rosette","YES","Meggy Schlümer","YES",,"20130103",,"['OB','TL','SH','GL']",,,
"MeggySchluemer_R_1166124.png","DE","Rosette","YES","Meggy Schlümer","YES",,"20130102",,"['TL','GE','SH']",,,
"Agnes_R_1166125.png","DE","Rosette","YES","Agnes","YES",,"20130126",,"['GL','AR','TL','SH','OB','FL']",,,
"ClaraZambernardi_R_1166126.png","MX","Rosette","YES","Clara Zambernardi","YES",,"20130124",,"['TL','OB','CR','GL']",,,
"Rutabaga_R_1166127.png","US","Rosette","YES","Rutabaga","YES","bio-geometry","20130121",,"['AR','GL','BL']",,,
"ChefMazi_R_1166128.png","US","Rosette","YES","Chef Mazi","YES","The most alien design that I have made yet...","20130122",,"['TL','BL','AH','GL']",,,
"Bloodrose_R_1166129.png","US","Rosette","YES","Bloodrose","YES",,"20130121",,"['SH','TL']",,,
"Fokla_R_1166130.png","RU","Rosette","YES","Fokla","YES",,"20130122",,"['FL','TL','AR','GL']",,,
"MyBears34_R_1166131.png","US","Rosette","YES","MyBears34","YES",,"20130120",,"['GL','TL','SH']",,,
"Nancy_R_1166132.png","US","Rosette","YES","Nancy","YES",,"20130120",,"['GL','TL','SH']",,,
"NN_R_1166133.png","US","Rosette","YES","Amy","YES",,"20130119",,"['GL','TL','SH']",,,
"YJ_R_1166134.png","KR","Rosette","YES","YJ","YES",,"20130120",,"['GL','FL','SH','TL','AR']",,,
"NN_R_1166135.png","US","Rosette","YES","Ashley","YES",,"20130117",,"['TL','SH']",,,
"Julin_R_1166136.png","DE","Rosette","YES","Julin","YES","Hi &nd by","20130117",,"['TL','SH','GL']",,,
"NN_R_1166137.png","PT","Rosette","YES","Paula","YES",,"20130116",,"['AR','BL']",,,
"Prinon_R_1166138.png","BD","Rosette","YES","Prinon","YES",,"20130116",,"['TL','SH']",,,
"Prinon_R_1166139.png","BD","Rosette","YES","Prinon","YES","Holi hai","20130116",,"['TL','SH','GL']",,,
"Prinon_R_1166140.png","BD","Rosette","YES","Prinon","YES",,"20130116",,"['TL','SH','GL']",,,
"Emmolee_R_1166141.png","US","Rosette","YES","Emmolee","YES",,"20130115",,"['TL','SH','FL']",,,
"RichardDalton_R_1166142.png","GB","Rosette","YES","Richard Dalton","YES",,"20130115",,"['TL','SH','GL']",,,
"Libra_R_1166143.png","IN","Rosette","YES","Libra","YES",,"20130115",,"['TL','SH']",,,
"NN_R_1166144.png","BE","Rosette","YES","Anne","YES",,"20130115",,"['TL','BL']",,,
"Boobies_R_1166145.png","US","Rosette","YES","Boobies","YES",,"20130114",,"['TL','GE','BL']",,,
"Petramaria_R_1166146.png","RU","Rosette","YES","Petramaria","YES",,"20130114",,"['GL','TL','SH','BL']",,,
"Michele_R_1166147.png","US","Rosette","YES","Michele","YES",,"20130113",,"['TL','SH']",,,
"Pauleduc_R_1166148.png","CA","Rosette","YES","Pauleduc","YES",,"20130113",,"['TL','SH']",,,
"NancyGallagher_R_1166149.png","US","Rosette","YES","Nancy Gallagher","YES",,"20130113",,"['BL']",,,
"Kitament_R_1166150.png","US","Rosette","YES","Kitament","YES",,"20130113",,"['TL','GL','SH']",,,
"JoelBass_R_1166151.png","US","Rosette","YES","Joel Bass","YES",,"20130110",,"['AR','CR']",,,
"JoelBass_R_1166152.png","US","Rosette","YES","Joel Bass","YES",,"20130111",,"['AR','OB']",,,
"JoelBass_R_1166153.png","US","Rosette","YES","Joel Bass","YES",,"20130109",,"['FL','TL']",,,
"AndreBenedito_R_1166154.png","BR","Rosette","YES","Andre Benedito","YES",,"20130104",,"['TL','GL','SH']",,,
"AndreBenedito_R_1166155.png","BR","Rosette","YES","Andre Benedito","YES",,"20130110",,"['TL','GL','SH']",,,
"Gabby_R_1166156.png","US","Rosette","YES","Gabby","YES",,"20130110",,"['GE','3D','GL','SH','BL','OB']",,,
"Jarlaxle_R_1166157.png","GB","Rosette","YES","Jarlaxle","YES",,"20130108",,"['TL','SH']",,,
"Jarlaxle_R_1166158.png","GB","Rosette","YES","Jarlaxle","YES",,"20130109",,"['TL','SH','GL','GE']",,,
"MacAl_R_1166159.png","US","Rosette","YES","MacAl","YES",,"20130105",,"['AR']",,,
"NN_R_1166160.png","US","Rosette","YES","Celesia","YES",,"20130108",,"['GL','TL']",,,
"Lola_R_1166161.png","GB","Rosette","YES","Lola","YES","Purple and white","20130103",,"['TL','SH']",,,
"Carcar_R_1166162.png","US","Rosette","YES","Carcar","YES","I love this app!!!!!!","20121231",,"['TL','SH','GL']",,,
"Carcar_R_1166163.png","US","Rosette","YES","Carcar","YES","Spanish dance","20121225",,"['TL','SH']",,,
"MeggySchluemer_1210006.png","DE","P1","NO","Meggy Schlümer","YES","Musterkollektion","20130104",,"['TL','SH','OB']",,,
"MeggySchluemer_1210007.png","DE","P4g","NO","Meggy Schlümer","YES","UFOs ","20130106",,"['AR','SH','CR']",,,
"MeggySchluemer_1210008.png","DE","P1","NO","Meggy Schlümer","YES",,"20130106",,"['TL','AR','SH','GL','FL']",,,
"MeggySchluemer_1210009.png","DE","P1","NO","Meggy Schlümer","YES",,"20130106",,"['TL','AR','SH','GL','FL']",,,
"MeggySchluemer_1210010.png","DE","P4m","NO","Meggy Schlümer","YES",,"20130106",,"['TL','SH']",,,
"MeggySchluemer_1210011.png","DE","P4g","NO","Meggy Schlümer","YES",,"20130106",,"['TL','SH','GL']",,,
"MeggySchluemer_1210012.png","DE","P4","NO","Meggy Schlümer","YES",,"20130107",,"['TL','SH','GL']",,,
"MeggySchluemer_1210013.png","DE","P4m","NO","Meggy Schlümer","YES",,"20130107",,"['TL','SH']",,,
"MeggySchluemer_R_1210014.png","DE","Rosette","YES","Meggy Schlümer","YES","Stillleben","20130108",,"['TL','SH','FL','OB']",,,
"MeggySchluemer_R_1210015.png","DE","Rosette","YES","Meggy Schlümer","YES","Stillleben mit Maiglöckchen","20130108",,"['TL','SH','FL','OB']",,,
"MeggySchluemer_R_1210016.png","DE","Rosette","YES","Meggy Schlümer","YES","Angel of time","20130105",,"['AR','SH','CR']",,,
"MeggySchluemer_R_1210017.png","DE","Rosette","YES","Meggy Schlümer","YES","Blumenfeen","20130108",,"['TL','SH','FL','CR']",,,
"MeggySchluemer_1210018.png","DE","P4g","NO","Meggy Schlümer","YES",,"20130109",,"['TL','SH','GE']",,,
"MeggySchluemer_1210019.png","DE","P4","NO","Meggy Schlümer","YES",,"20130109",,"['TL','SH']",,,
"MeggySchluemer_1210020.png","DE","P4","NO","Meggy Schlümer","YES",,"20130109",,"['TL','SH','GE']",,,
"MeggySchluemer_R_1210021.png","DE","Rosette","YES","Meggy Schlümer","YES","Mäusehochzeit","20130110",,"['SH','CR']",,,
"MeggySchluemer_1210022.png","DE","P6m","NO","Meggy Schlümer","YES",,"20130110",,"['TL','SH']",,,
"MeggySchluemer_1210023.png","DE","P1","NO","Meggy Schlümer","YES","Locher 1","20130110",,"['AR','SH','OB']",,,
"MeggySchluemer_1210024.png","DE","P1","NO","Meggy Schlümer","YES","Locher 2","20130110",,"['AR','SH','OB']",,,
"MeggySchluemer_1210025.png","DE","P1","NO","Meggy Schlümer","YES","Trödelmarkt","20130110",,"['TL','SH','OB','CR']",,,
"MeggySchluemer_1210027.png","DE","P1","NO","Meggy Schlümer","YES","Trödelmarkt, Puppe schon verkauft","20130110",,"['TL','SH','OB']",,,
"MeggySchluemer_R_1210026.png","DE","Rosette","YES","Meggy Schlümer","YES","Rotkäppchen ","20130110",,"['TL','SH','CR']",,,
"MeggySchluemer_1210028.png","DE","P1","NO","Meggy Schlümer","YES","Jongleurin","20130111",,"['TL','SH','CR']",,,
"MeggySchluemer_1210029.png","DE","P2","NO","Meggy Schlümer","YES","Jonglieren mit 4 Bällen","20130111",,"['TL','SH','CR']",,,
"MeggySchluemer_1210030.png","DE","P6","NO","Meggy Schlümer","YES",,"20130112",,"['AR','SH','FL']",,,
"MeggySchluemer_1210031.png","DE","P6","NO","Meggy Schlümer","YES","Variante","20130112",,"['AR','SH','FL']",,,
"MeggySchluemer_1210032.png","DE","P6","NO","Meggy Schlümer","YES","Variante 2","20130112",,"['AR','SH','FL']",,,
"MeggySchluemer_1210033.png","DE","Pg","NO","Meggy Schlümer","YES","Balls in space","20130112",,"['TL','SH','OB']",,,
"MeggySchluemer_1210034.png","DE","Pmm","NO","Meggy Schlümer","YES",,"20130112",,"['TL','SH','GL']",,,
"MeggySchluemer_1210035.png","DE","P1","NO","Meggy Schlümer","YES","Licht und Schatten","20130112",,"['AR','SH']",,,
"MeggySchluemer_1210036.png","DE","P4g","NO","Meggy Schlümer","YES","Klee","20130112",,"['TL','SH','FL']",,,
"MeggySchluemer_1210037.png","DE","Pm","NO","Meggy Schlümer","YES","Idylle","20130113",,"['TL','SH','OB','FL','CR']",,,
"MeggySchluemer_1210038.png","DE","Pmm","NO","Meggy Schlümer","YES",,"20130113",,"['TL','SH']",,,
"MeggySchluemer_1210039.png","DE","P4m","NO","Meggy Schlümer","YES","Mosaik","20130113",,"['TL','SH','AR','GL','GE']",,,
"MeggySchluemer_1210040.png","DE","P4m","NO","Meggy Schlümer","YES","Mosaik 2","20130113",,"['TL','SH']",,,
"MeggySchluemer_1210041.png","DE","P4m","NO","Meggy Schlümer","YES","Butterfly Variante","20130114",,"['TL','SH','FL','CR']",,,
"MeggySchluemer_1210042.png","DE","Pgg","NO","Meggy Schlümer","YES",,"20130114",,"['TL','SH']",,,
"MeggySchluemer_1210043.png","DE","P4g","NO","Meggy Schlümer","YES","Vogelflug ","20130114",,"['TL','SH','CR','GL']",,,
"MeggySchluemer_1210044.png","DE","P1","NO","Meggy Schlümer","YES","Psychedelic flowers","20130115",,"['TL','SH','FL']",,,
"MeggySchluemer_1210045.png","DE","Cmm","NO","Meggy Schlümer","YES","Babuschka","20130115",,"['TL','SH','OB','AR']",,,
"MeggySchluemer_1210046.png","DE","Pmg","NO","Meggy Schlümer","YES","Wunderland","20130115",,"['TL','SH','CR','GL']",,,
"MeggySchluemer_1210048.png","DE","Pmg","NO","Meggy Schlümer","YES","Löwenbändiger Jaques","20130116",,"['TL','SH','CR']",,,
"MeggySchluemer_1210047.png","DE","Pmg","NO","Meggy Schlümer","YES","Löwenbändigerin Miss Kitty","20130116",,"['TL','SH','CR']",,,
"MeggySchluemer_1210049.png","DE","Cm","NO","Meggy Schlümer","YES","Turmspringer ( a la Escher)","20130117",,"['AR','SH','CR','OB']",,,
"MeggySchluemer_1210050.png","DE","Cm","NO","Meggy Schlümer","YES","Turmspringer ( a la Escher) 2","20130117",,"['TL','SH','CR','OB']",,,
"MeggySchluemer_1210051.png","DE","P6m","NO","Meggy Schlümer","YES",,"20130117",,"['TL','SH','GE']",,,
"MeggySchluemer_1210053.png","DE","Pmg","NO","Meggy Schlümer","YES","Bat","20130118",,"['TL','SH','CR']",,,
"MeggySchluemer_1210052.png","DE","Pmg","NO","Meggy Schlümer","YES",,"20130118",,"['TL','SH','GL','CR']",,,
"MeggySchluemer_1210054.png","DE","Cm","NO","Meggy Schlümer","YES","Rabe und großer Wagen","20130119",,"['TL','SH','CR','OB','GL']",,,
"MeggySchluemer_1210055.png","DE","P6","NO","Meggy Schlümer","YES",,"20130121",,"['TL','SH','GE']",,,
"MeggySchluemer_1210056.png","DE","P4m","NO","Meggy Schlümer","YES",,"20130121",,"['TL','SH','FL']",,,
"MeggySchluemer_1210057.png","DE","P6","NO","Meggy Schlümer","YES",,"20130121",,"['TL','SH','GL']",,,
"MeggySchluemer_1210058.png","DE","P4g","NO","Meggy Schlümer","YES","Teddybär ","20130113",,"['AR','SH','CR']",,,
"MeggySchluemer_1210059.png","DE","P4m","NO","Meggy Schlümer","YES",,"20130114",,"['TL','SH','GE']",,,
"MeggySchluemer_1210060.png","DE","Cm","NO","Meggy Schlümer","YES","Angel of love","20130127",,"['AR','SH','CR']",,,
"MeggySchluemer_1210061.png","DE","P4g","NO","Meggy Schlümer","YES","ABC","20130127",,"['TL','SH','CR','OB','FL']",,,
"MeggySchluemer_R_1210062.png","DE","Rosette","YES","Meggy Schlümer","YES","199 Luftballons","20130125",,"['TL','SH','OB']",,,
"MeggySchluemer_1210063.png","DE","P6","NO","Meggy Schlümer","YES",,"20130125",,"['AR','SH','GE']",,,
"MeggySchluemer_1210064.png","DE","P6m","NO","Meggy Schlümer","YES",,"20130125",,"['AR','SH']",,,
"MeggySchluemer_1210065.png","DE","Pm","NO","Meggy Schlümer","YES","In Ascot","20130126",,"['TL','SH','CR']",,,
"MeggySchluemer_1210066.png","DE","P4g","NO","Meggy Schlümer","YES","Glowing","20130127",,"['TL','SH','GL','GE']",,,
"MeggySchluemer_R_1210067.png","DE","Rosette","YES","Meggy Schlümer","YES",,"20130127",,"['TL','SH']",,,
"MeggySchluemer_1210068.png","DE","Pg","NO","Meggy Schlümer","YES","Die vergessene Weihnachtskugel","20130125",,"['TL','SH','OB','GL']",,,
"MeggySchluemer_1210069.png","DE","P4g","NO","Meggy Schlümer","YES",,"20130125",,"['TL','SH','GE']",,,
"MeggySchluemer_1210070.png","DE","P6m","NO","Meggy Schlümer","YES",,"20130102",,"['TL','SH','GE']",,,
"MeggySchluemer_1210071.png","DE","Cm","NO","Meggy Schlümer","YES","Akrobaten","20130102",,"['TL','AR','SH','CR']",,,
"MeggySchluemer_1210074.png","DE","Cm","NO","Meggy Schlümer","YES","Akrobaten Variante","20130102",,"['TL','SH','CR']",,,
"MeggySchluemer_1210072.png","DE","P4g","NO","Meggy Schlümer","YES","Der gemeine Rotling","20130102",,"['AR','SH','CR']",,,
"MeggySchluemer_1210073.png","DE","P4m","NO","Meggy Schlümer","YES","Hidden Batman","20130102",,"['TL','SH','CR']",,,
"MeggySchluemer_R_1210075.png","DE","Rosette","YES","Meggy Schlümer","YES","Rain","20130103",,"['AR','SH','OB','CR']",,,
"MeggySchluemer_R_1210076.png","DE","Rosette","YES","Meggy Schlümer","YES","In den Bergen","20130103",,"['AR','SH','CR','OB']",,,
"MeggySchluemer_1210077.png","DE","P4m","NO","Meggy Schlümer","YES",,"20130103",,"['TL','SH','GE','GL']",,,
"MeggySchluemer_R_1210078.png","DE","Rosette","YES","Meggy Schlümer","YES",,"20130104",,"['TL','AR','SH','GE']",,,
"MeggySchluemer_R_1210079.png","DE","Rosette","YES","Meggy Schlümer","YES",,"20130104",,"['TL','AR','SH','GE']",,,
"MeggySchluemer_R_1210080.png","DE","Rosette","YES","Meggy Schlümer","YES",,"20130104",,"['TL','AR','SH','GE']",,,
"MeggySchluemer_R_1210081.png","DE","Rosette","YES","Meggy Schlümer","YES",,"20130104",,"['TL','AR','SH','GE']",,,
"MeggySchluemer_R_1210082.png","DE","Rosette","YES","Meggy Schlümer","YES",,"20130104",,"['TL','AR','SH','GE']",,,
"MeggySchluemer_R_1210083.png","DE","Rosette","YES","Meggy Schlümer","YES",,"20130104",,"['AR','SH']",,,
"MeggySchluemer_1210084.png","DE","P6m","NO","Meggy Schlümer","YES",,"20130104",,"['TL','SH','GL']",,,
"MeggySchluemer_1210085.png","DE","P6m","NO","Meggy Schlümer","YES",,"20130104",,"['TL','SH']",,,
"MeggySchluemer_R_1210086.png","DE","Rosette","YES","Meggy Schlümer","YES",,"20130104",,"['TL','AR','SH','GE']",,,
"MeggySchluemer_R_1210087.png","DE","Rosette","YES","Meggy Schlümer","YES",,"20130104",,"['TL','SH','3D','GL']",,,
"MeggySchluemer_1210088.png","DE","P6m","NO","Meggy Schlümer","YES",,"20130104",,"['TL','AR','SH']",,,
"MeggySchluemer_1210089.png","DE","P6m","NO","Meggy Schlümer","YES",,"20130104",,"['TL','SH']",,,
"MeggySchluemer_R_1210090.png","DE","Rosette","YES","Meggy Schlümer","YES",,"20130104",,"['TL','SH']",,,
"MeggySchluemer_1210091.png","DE","P2","NO","Meggy Schlümer","YES",,"20130104",,"['AR','SH','GE']",,,
"MeggySchluemer_R_1210266.png","DE","Rosette","YES","Meggy Schlümer","YES","Der Liebesbrief","20130128",,"['AR','SH','CR']",,,
"MeggySchluemer_R_1210267.png","DE","Rosette","YES","Meggy Schlümer","YES",,"20130128",,"['TL','SH','GL']",,,
"MeggySchluemer_1210268.png","DE","P6m","NO","Meggy Schlümer","YES",,"20130128",,"['TL','SH','FL']",,,
"MeggySchluemer_R_1210269.png","DE","Rosette","YES","Meggy Schlümer","YES",,"20130128",,"['TL','SH','GL']",,,
"MeggySchluemer_1210270.png","DE","Pm","NO","Meggy Schlümer","YES","Klassenfoto","20130128",,"['TL','SH','CR']",,,
"MeggySchluemer_1210271.png","DE","P4","NO","Meggy Schlümer","YES",,"20130128",,"['AR','SH','GE']",,,
"MeggySchluemer_1210272.png","DE","P4m","NO","Meggy Schlümer","YES",,"20130128",,"['TL','AR','SH']",,,
"MeggySchluemer_1210273.png","DE","P4g","NO","Meggy Schlümer","YES","Vogelperspektive ","20130129",,"['AR','SH','CR']",,,
"MeggySchluemer_1210274.png","DE","P6","NO","Meggy Schlümer","YES",,"20130130",,"['AR','SH','GE','GL']",,,
"MeggySchluemer_1210275.png","DE","P6","NO","Meggy Schlümer","YES","Chorprobe","20130130",,"['TL','AR','SH','CR']",,,
"MeggySchluemer_1210276.png","DE","Cm","NO","Meggy Schlümer","YES","Karneval","20130201",,"['TL','AR','SH','CR']",,,
"MeggySchluemer_1210277.png","DE","P6m","NO","Meggy Schlümer","YES",,"20130201",,"['TL','SH','GE','GL']",,,
"MeggySchluemer_1210278.png","DE","Cm","NO","Meggy Schlümer","YES",,"20130201",,"['AR','SH','OB']",,,
"MeggySchluemer_1210279.png","DE","P6m","NO","Meggy Schlümer","YES",,"20130201",,"['TL','SH']",,,
"MeggySchluemer_1210280.png","DE","P3m1","NO","Meggy Schlümer","YES",,"20130201",,"['TL','SH','FL']",,,
"MeggySchluemer_1210281.png","DE","P6m","NO","Meggy Schlümer","YES",,"20130201",,"['TL','SH','GL']",,,
"MeggySchluemer_1210282.png","DE","P1","NO","Meggy Schlümer","YES","Long Fish","20130201",,"['TL','SH','CR']",,,
"MeggySchluemer_1210283.png","DE","Cm","NO","Meggy Schlümer","YES","Herrscherpaar","20130201",,"['TL','SH','CR']",,,
"MeggySchluemer_1210284.png","DE","P3m1","NO","Meggy Schlümer","YES",,"20130201",,"['TL','SH','GL','BL']",,,
"MeggySchluemer_1210285.png","DE","P4m","NO","Meggy Schlümer","YES",,"20130202",,"['TL','SH','GL']",,,
"Agnes_1210924.png","DE","Pmm","NO","Agnes","YES",,"20130130",,"['SH','TL','AR','GE']",,,
"Agnes_1210925.png","DE","Pmm","NO","Agnes","YES",,"20130130",,"['SH','TL','AR','GE']",,,
"Agnes_R_1210926.png","DE","Rosette","YES","Agnes","YES",,"20130130",,"['GL']",,,
"Agnes_1210927.png","DE","P1","NO","Agnes","YES",,"20130130",,"['BL','GL','AR']",,,
"Agnes_R_1210928.png","DE","Rosette","YES","Agnes","YES",,"20130130",,"['GL','AR','BL','TL']",,,
"Agnes_1210929.png","DE","Pm","NO","Agnes","YES",,"20130130",,"['GL','AR','TL']",,,
"Agnes_1210930.png","DE","P2","NO","Agnes","YES",,"20130131",,"['BL']",,,
"Agnes_1210931.png","DE","P4g","NO","Agnes","YES",,"20130131",,"['CR','GL','TL','SH','BL']",,,
"Agnes_R_1210932.png","DE","Rosette","YES","Agnes","YES",,"20130202",,"['GL','TL','SH','BL']",,,
"Agnes_1210933.png","DE","P3","NO","Agnes","YES",,"20130202",,"['SH','AR','TL','GE','GL']",,,
"Agnes_R_1210934.png","DE","Rosette","YES","Agnes","YES",,"20130202",,"['GL','BL']",,,
"Agnes_1210935.png","DE","P6m","NO","Agnes","YES",,"20130124",,"['SH','GE','AR','TL']",,,
"Agnes_R_1210936.png","DE","Rosette","YES","Agnes","YES",,"20130124",,"['SH','TL']",,,
"Agnes_R_1210937.png","DE","Rosette","YES","Agnes","YES",,"20130124",,"['SH','TL']",,,
"Agnes_R_1210938.png","DE","Rosette","YES","Agnes","YES",,"20130124",,"['SH','TL']",,,
"Agnes_R_1210939.png","DE","Rosette","YES","Agnes","YES",,"20130124",,"['SH','TL','GL']",,,
"Agnes_1210940.png","DE","P1","NO","Agnes","YES",,"20130125",,"['GL','TL','BL']",,,
"Agnes_R_1210941.png","DE","Rosette","YES","Agnes","YES",,"20130125",,"['GL','TL','SH']",,,
"Agnes_R_1210942.png","DE","Rosette","YES","Agnes","YES",,"20130126",,"['GL','SH','AR','TL']",,,
"Agnes_R_1210943.png","DE","Rosette","YES","Agnes","YES",,"20130102",,"['TL','SH']",,,
"Agnes_R_1210944.png","DE","Rosette","YES","Agnes","YES",,"20130102",,"['TL','GL']",,,
"Agnes_1210945.png","DE","P6m","NO","Agnes","YES",,"20130102",,"['TL']",,,
"Agnes_1210946.png","DE","Cm","NO","Agnes","YES",,"20130102",,"['TL','SH','GL']",,,
"Agnes_1210947.png","DE","P6m","NO","Agnes","YES",,"20130103",,"['TL','AR','SH']",,,
"Agnes_1210948.png","DE","P4g","NO","Agnes","YES",,"20130103",,"['TL','AR','SH','BL','GL']",,,
"Agnes_R_1210949.png","DE","Rosette","YES","Agnes","YES",,"20130103",,"['GL','AR']",,,
"Agnes_R_1210950.png","DE","Rosette","YES","Agnes","YES",,"20130103",,"['GL','TL']",,,
"Agnes_R_1210951.png","DE","Rosette","YES","Agnes","YES",,"20130103",,"['GL','TL','SH']",,,
"Agnes_1210952.png","DE","P6m","NO","Agnes","YES",,"20130103",,"['GL','TL','AR','SH']",,,
"Agnes_1210953.png","DE","P6m","NO","Agnes","YES",,"20130103",,"['GL','SH','TL']",,,
"Agnes_1210954.png","DE","P4m","NO","Agnes","YES",,"20130103",,"['GL','SH','TL','BL','AR']",,,
"Agnes_1210955.png","DE","P6m","NO","Agnes","YES",,"20130103",,"['GL','SH','TL','BL','AR']",,,
"Agnes_R_1210956.png","DE","Rosette","YES","Agnes","YES",,"20130104",,"['GL','TL','SH']",,,
"Agnes_R_1210957.png","DE","Rosette","YES","Agnes","YES",,"20130104",,"['GL','TL','SH']",,,
"Agnes_1210958.png","DE","P4m","NO","Agnes","YES",,"20130104",,"['GL','BL','AR']",,,
"Agnes_R_1210959.png","DE","Rosette","YES","Agnes","YES",,"20130105",,"['TL','SH']",,,
"Agnes_R_1210960.png","DE","Rosette","YES","Agnes","YES",,"20130105",,"['TL','SH']",,,
"Agnes_1210961.png","DE","P6m","NO","Agnes","YES",,"20130105",,"['TL','SH']",,,
"Agnes_1210962.png","DE","Pmg","NO","Agnes","YES",,"20130106",,"['TL','SH','GL','AR']",,,
"Agnes_R_1210963.png","DE","Rosette","YES","Agnes","YES",,"20130106",,"['TL','AR','SH','GL']",,,
"Agnes_R_1210964.png","DE","Rosette","YES","Agnes","YES",,"20130105",,"['TL','SH']",,,
"Agnes_1210965.png","DE","P6m","NO","Agnes","YES",,"20130105",,"['TL','AR','SH']",,,
"Agnes_1210966.png","DE","P1","NO","Agnes","YES",,"20130108",,"['AR','OB','SH']",,,
"Agnes_R_1210967.png","DE","Rosette","YES","Agnes","YES",,"20130108",,"['TL','AR','SH']",,,
"Agnes_R_1210968.png","DE","Rosette","YES","Agnes","YES",,"20130108",,"['TL','AR','SH']",,,
"Agnes_R_1210969.png","DE","Rosette","YES","Agnes","YES",,"20130108",,"['TL','GL','SH']",,,
"Agnes_R_1210970.png","DE","Rosette","YES","Agnes","YES",,"20130109",,"['TL','GL','SH']",,,
"Agnes_1210971.png","DE","Pgg","NO","Agnes","YES",,"20130109",,"['TL','SH']",,,
"Agnes_1210972.png","DE","Cm","NO","Agnes","YES",,"20130109",,"['TL','SH','BL']",,,
"Agnes_1210973.png","DE","Cmm","NO","Agnes","YES",,"20130112",,"['TL','SH']",,,
"Agnes_R_1210974.png","DE","Rosette","YES","Agnes","YES",,"20130112",,"['TL','GL','SH']",,,
"Agnes_R_1210975.png","DE","Rosette","YES","Agnes","YES",,"20130112",,"['TL','SH']",,,
"Agnes_1210976.png","DE","P1","NO","Agnes","YES",,"20130113",,"['GL','BL','TL','OB']",,,
"Agnes_1210977.png","DE","P6m","NO","Agnes","YES",,"20130113",,"['TL','SH']",,,
"Agnes_1210978.png","DE","P31m","NO","Agnes","YES",,"20130113",,"['TL','AR','SH']",,,
"Agnes_1210979.png","DE","P4","NO","Agnes","YES",,"20130113",,"['AR','SH','GL']",,,
"Agnes_1210980.png","DE","P4","NO","Agnes","YES",,"20130114",,"['AR','SH']",,,
"Agnes_1210981.png","DE","P4","NO","Agnes","YES",,"20130114",,"['AR','TL','SH']",,,
"Agnes_1210982.png","DE","Pg","NO","Agnes","YES",,"20130114",,"['TL','AR','FL','SH']",,,
"Agnes_R_1210983.png","DE","Rosette","YES","Agnes","YES",,"20130117",,"['TL','GL','SH']",,,
"Agnes_R_1210984.png","DE","Rosette","YES","Agnes","YES",,"20130117",,"['TL','SH']",,,
"Agnes_1210985.png","DE","P1","NO","Agnes","YES",,"20130118",,"['TL','SH','AR']",,,
"Agnes_1210986.png","DE","P6m","NO","Agnes","YES",,"20130118",,"['TL','SH']",,,
"Agnes_1210987.png","DE","P6m","NO","Agnes","YES",,"20130119",,"['TL','AR','SH']",,,
"Agnes_1210988.png","DE","P4g","NO","Agnes","YES",,"20130119",,"['TL','GL','BL','SH']",,,
"Agnes_1210989.png","DE","P31m","NO","Agnes","YES",,"20130120",,"['TL','AR','GL','SH']",,,
"Agnes_R_1210990.png","DE","Rosette","YES","Agnes","YES",,"20130120",,"['TL','GL','SH']",,,
"Agnes_1210991.png","DE","Cm","NO","Agnes","YES",,"20130122",,"['TL','GL','SH','AR']",,,
"Agnes_R_1210992.png","DE","Rosette","YES","Agnes","YES",,"20130122",,"['TL','AR','GL','BL','SH']",,,
"Agnes_1210993.png","DE","Pm","NO","Agnes","YES",,"20130123",,"['TL','SH','AR','GL']",,,
"Agnes_R_1210994.png","DE","Rosette","YES","Agnes","YES",,"20130123",,"['TL','SH','GL']",,,
"Agnes_1213644.png","DE","P6m","NO","Agnes","YES",,"20130103",,"['TL','AR','SH','GE']",,,
"Ruba_1213645.png","US","P4g","NO","Ruba","YES",,"20121231",,"['AR','SH']",,,
"Ruba_1213646.png","US","P4g","NO","Ruba","YES",,"20121231",,"['AR','SH']",,,
"Ruba_1213647.png","US","P4g","NO","Ruba","YES",,"20130101",,"['AR','SH']",,,
"Ruba_1213648.png","US","Pm","NO","Ruba","YES",,"20130101",,"['CR','GL','BL']",,,
"Ruba_1213649.png","US","Pmg","NO","Ruba","YES",,"20130102",,"['TL','AR','SH']",,,
"Ruba_1213650.png","US","P4g","NO","Ruba","YES",,"20130103",,"['TL','AR','SH','GE']",,,
"Ruba_1213651.png","US","P4g","NO","Ruba","YES",,"20130103",,"['TL','AR']",,,
"Ruba_1213652.png","US","P4g","NO","Ruba","YES",,"20130103",,"['TL','AR','SH']",,,
"Ruba_1213653.png","US","P4g","NO","Ruba","YES",,"20130103",,"['TL','SH']",,,
"Ruba_1213654.png","US","P4g","NO","Ruba","YES",,"20130103",,"['TL','SH']",,,
"Ruba_1213655.png","US","P4g","NO","Ruba","YES",,"20130103",,"['TL','AR','SH']",,,
"Ruba_1213656.png","US","P4g","NO","Ruba","YES",,"20130103",,"['TL','AR','SH','GL']",,,
"Ruba_1213657.png","US","P4g","NO","Ruba","YES",,"20130103",,"['TL','AR','SH','GL']",,,
"Jessie_1213658.png","US","Cmm","NO","Jessie","YES",,"20130104",,"['AR','BL']",,,
"Khloie_1213659.png","US","P4m","NO","Khloie","YES",,"20130105",,"['TL','GE']",,,
"vlj_1213660.png","US","P31m","NO","vlj","YES",,"20130108",,"[]",,,
"Juli_1213661.png",'AR',"P6m","NO","Juli ","YES","Cool art","20130108",,"['TL']",,,
"RuthMeszaros_1213662.png","US","P6m","NO","Ruth Meszaros","YES","Soft snowflakes","20121229",,"['AR','BL','GL']",,,
"RuthMeszaros_1213663.png","US","P6m","NO","Ruth Meszaros","YES",,"20130107",,"['AR','SH']",,,
"RuthMeszaros_1213664.png","US","P6m","NO","Ruth Meszaros","YES","Red-blue scarf design","20130110",,"['TL','SH']",,,
"RuthMeszaros_1213665.png","US","P6","NO","Ruth Meszaros","YES","Green rope mesh","20130110",,"['AR','TL','SH','GE']",,,
"Gericaux_1213666.png","GB","P6m","NO","Gericaux","YES",,"20130111",,"['AR']",,,
"Gericaux_1213667.png","GB","P4g","NO","Gericaux","YES",,"20130111",,"['AR','GE']",,,
"Gericaux_1213668.png","GB","P6m","NO","Gericaux","YES",,"20130110",,"['TL','SH','GE']",,,
"Gericaux_1213669.png","GB","P6m","NO","Gericaux","YES",,"20130110",,"['TL','SH','GE']",,,
"Gericaux_1213670.png","GB","P4g","NO","Gericaux","YES",,"20130108",,"['TL','SH','GE']",,,
"Gericaux_1213671.png","GB","P4m","NO","Gericaux","YES",,"20130106",,"[]",,,
"Gericaux_1213672.png","GB","P3m1","NO","Gericaux","YES",,"20130106",,"['TL','SH']",,,
"Gericaux_1213673.png","GB","P6m","NO","Gericaux","YES",,"20130107",,"['TL','SH']",,,
"Gericaux_1213674.png","GB","P4g","NO","Gericaux","YES",,"20130107",,"['TL','SH','GE']",,,
"Gericaux_1213675.png","GB","P4g","NO","Gericaux","YES",,"20130106",,"['AR','SH','GE','GL']",,,
"Ellentwamley6_1213676.png","GB","P4m","NO","Ellen twamley  6","YES",,"20130106",,"['TL','SH']",,,
"Gericaux_1213677.png","GB","P4m","NO","Gericaux","YES",,"20130106",,"['TL','SH']",,,
"Gwizz_1213678.png","GB","P4g","NO","Gwizz","YES",,"20130113",,"['TL','SH']",,,
"Nikos_1213679.png","US","P4g","NO","Nikos","YES",,"20130113",,"['BL']",,,
"Nikos_1213680.png","US","P4m","NO","Nikos","YES",,"20130113",,"[]",,,
"TweedleDitz_1213681.png","US","Pmm","NO","TweedleDitz","YES",,"20130113",,"['TL','SH']",,,
"Malik_1213682.png","US","P6m","NO","Malik","YES",,"20130113",,"['BL','GL']",,,
"svarrone_1213683.png","US","P6m","NO","svarrone","YES",,"20130113",,"['BL']",,,
"Musikmann_1213684.png","US","P6m","NO","Musikmann","YES",,"20130113",,"['SH']",,,
"CrippledCalamari_1213685.png","US","P4m","NO","CrippledCalamari","YES",,"20130113",,"['BL','TL','GL']",,,
"DArs_1213686.png","LV","P6m","NO","D'Ars","YES","1","20130114",,"['TL','SH']",,,
"Mirage_1213687.png","FR","P31m","NO","Mirage","YES",,"20130114",,"['TL','BL','SH']",,,
"Flox_1213688.png","ES","P6m","NO","Flox","YES",,"20130114",,"['TL','SH','GL']",,,
"Ashdan_1213689.png","US","P3","NO","Ashdan","YES",,"20130113",,"['TL','CR','SH']",,,
"Pauleduc_1213690.png","CA","P31m","NO","Pauleduc","YES",,"20130113",,"['TL','SH']",,,
"pdrvizioli_1213691.png","BR","P4m","NO","pdrvizioli","YES",,"20130114",,"['AR','BL']",,,
"Psych101_1213692.png","US","P6m","NO","Psych101","YES",,"20130114",,"['TL','BL','SH','GL']",,,
"Lilly-MayJohnson_R_1213693.png","GB","Rosette","YES","Lilly-May Johnson","YES",,"20130114",,"['GL','TL']",,,
"Giri_1213694.png","IN","P31m","NO","Giri","YES",,"20130114",,"['AR','SH','FL','GE']",,,
"Petramaria_1213695.png","RU","P4","NO","Petramaria","YES",,"20130114",,"['FL','AR','SH']",,,
"Petramaria_1213696.png","RU","P4g","NO","Petramaria","YES",,"20130114",,"['TL','AR','SH']",,,
"Petramaria_1213697.png","RU","P31m","NO","Petramaria","YES",,"20130114",,"['GL','CR','BL','TL']",,,
"Petramaria_1213698.png","RU","P31m","NO","Petramaria","YES",,"20130114",,"['GL','BL','AR']",,,
"Petramaria_1213699.png","RU","P6m","NO","Petramaria","YES",,"20130114",,"['TL','SH']",,,
"Petramaria_1213700.png","RU","P3m1","NO","Petramaria","YES",,"20130114",,"['TL','SH']",,,
"Beavernose_1213701.png","US","P6","NO","Beavernose","YES",,"20130114",,"['BL','GL','AR']",,,
"Dan_1213702.png","GB","P6","NO","Dan","YES","Swirl","20130114",,"['SH','GE','AR']",,,
"JulkeWulke_1213703.png","US","P4m","NO","JulkeWulke","YES",,"20130114",,"['BL','GE','AR']",,,
"Money_1213704.png","US","P6m","NO","Money","YES",,"20130114",,"['TL','GE']",,,
"CTAF_1213705.png","US","P31m","NO","CTAF","YES",,"20130114",,"['TL','AR','SH','BL']",,,
"Zubby_1213706.png","US","P6m","NO","Zubby","YES",,"20130113",,"['TL','AR','BL']",,,
"Zubby_1213707.png","US","P4g","NO","Zubby","YES",,"20130114",,"['TL','SH']",,,
"Flylikeamouse_1213708.png","GB","P3","NO","Flylikeamouse","YES","Bees!","20130115",,"['CR','SH','AR','TL']",,,
"Lloidie_1213709.png","UY","P6m","NO","Lloidie","YES","Target genius","20130115",,"['GL','BL']",,,
"Lloidie_1213710.png","RU","P6m","NO","Lloidie","YES",,"20130115",,"['AR','GE']",,,
"Kitament_R_1213711.png","US","Rosette","YES","Kitament","YES",,"20130113",,"['TL','GL','SH']",,,
"Kitament_R_1213712.png","US","Rosette","YES","Kitament","YES",,"20130113",,"['TL','GL','SH']",,,
"Kitament_1213713.png","US","P6m","NO","Kitament","YES",,"20130113",,"['TL','GL','SH']",,,
"Kitament_R_1213714.png","US","Rosette","YES","Kitament","YES",,"20130114",,"['TL','GL','SH']",,,
"rmarquez5_1213715.png","CA","P6m","NO","rmarquez5","YES",,"20130115",,"['TL']",,,
"Drinkone_1213716.png","IT","P6m","NO","Drinkone","YES",,"20130114",,"['TL','SH','GL']",,,
"Drinkone_1213717.png","IT","P6","NO","Drinkone","YES",,"20130114",,"['TL','SH','GE']",,,
"Drinkone_1213718.png","IT","Pmm","NO","Drinkone","YES",,"20130115",,"['TL','SH']",,,
"NN_1213719.png","ZA","P4m","NO","NN","YES",,"20130114",,"['TL','SH']",,,
"Joshua_1213720.png","ZA","P6m","NO","Joshua","YES","I was inspired","20130115",,"['BL']",,,
"Joshua_1213721.png","ZA","P4m","NO","Joshua","YES",,"20130115",,"['BL','AR','GE']",,,
"JohnVanmorrison_1213722.png","IT","P4m","NO","John Van morrison","YES",,"20130115",,"['TL','GL','BL']",,,
"JohnVanmorrison_1213723.png","IT","P6","NO","John Van morrison","YES","Roses and flowers","20130115",,"['FL','GL','TL']",,,
"Bloodrose_1213724.png","US","P6m","NO","Bloodrose","YES",,"20130114",,"['BL','GE']",,,
"Bloodrose_1213725.png","US","P6m","NO","Bloodrose","YES",,"20130115",,"[]",,,
"RichardDalton_1213726.png","GB","P6m","NO","Richard Dalton","YES",,"20130116",,"['TL','GL','FL','SH','GE']",,,
"RichardDalton_1213727.png","GB","P3m1","NO","Richard Dalton","YES",,"20130115",,"['TL','GL','SH']",,,
"RichardDalton_1213728.png","GB","P4m","NO","Richard Dalton","YES",,"20130115",,"['TL','GL','SH','GE']",,,
"Prinon_1213729.png","BD","P4g","NO","Prinon","YES",,"20130116",,"['TL','SH']",,,
"Wendy_R_1213730.png","NL","Rosette","YES","Wendy","YES",,"20130115",,"['BL','TL']",,,
"SteveA-B_1213731.png","US","P6","NO","Steve A-B","YES","Purple basket weave with rosette. ","20130116",,"['GE','AR','TL','GL']",,,
"Saharanara_1213732.png","CH","P6m","NO","Saharanara","YES","Der Traumteppich der Blumen.","20130116",,"['TL','SH','GE','GL']",,,
"Saharanara_1213733.png","CH","P6m","NO","Saharanara","YES","Die Blumen der Träume.","20130116",,"['TL','SH','GE','GL']",,,
"ClareBoone_1213734.png","US","P6m","NO","Clare Boone","YES","Dotted flowers","20130116",,"['AR','SH','GE']",,,
"Tonya_R_1213735.png","US","Rosette","YES","Tonya","YES","Texas","20130116",,"['TL','SH']",,,
"SteveA-B_1213736.png","US","P3","NO","Steve A-B","YES","Green salamanders inspired by MC Escher. ","20130118",,"['CR','GE','AR','SH']",,,
"UrsiFey_1277928.png","CH","P6m","NO","Ursi  Fey","YES",,"20130209",,"['TL','SH','GL']",,,
"UrsiFey_1277929.png","CH","P6m","NO","Ursi  Fey","YES",,"20130209",,"['TL','SH','GL']",,,
"GloriaCastel_1277930.png","MX","P1","NO","Gloria Castel","YES",,"20130209",,"['TL','SH','AR']",,,
"GloriaCastel_1277931.png","MX","Pm","NO","Gloria Castel","YES",,"20130203",,"['TL','AR','SH','GL','GE']",,,
"GloriaCastel_1277932.png","MX","P4g","NO","Gloria Castel","YES",,"20130208",,"['TL','AR','SH','GL']",,,
"GloriaCastel_1277933.png","MX","P1","NO","Gloria Castel","YES",,"20130131",,"['CR','TL','AR','GL','SH']",,,
"Jarlaxle_R_1277934.png","GB","Rosette","YES","Jarlaxle","YES",,"20130209",,"['TL','FL','SH','GL']",,,
"Jarlaxle_R_1277935.png","GB","Rosette","YES","Jarlaxle","YES",,"20130206",,"['AR','GL','BL','SH']",,,
"Juergen_1277936.png","DE","P6m","NO","Jürgen","YES",,"20130209",,"['TL','GL','GE','SH']",,,
"Juergen_1277937.png","DE","P4g","NO","Jürgen","YES",,"20130209",,"['TL','GL','GE','SH']",,,
"Juergen_1277938.png","DE","P4","NO","Jürgen","YES",,"20130130",,"['TL','GE','SH','3D']",,,
"LovemyKingofThailand._1277939.png","TH","P1","NO","Love my King of Thailand.","YES","This is Thailand.","20130130",,"['SH','GL','AR','FL','OB']",,,
"LovemyKingofThailand._1277940.png","TH","P6","NO","Love my King of Thailand.","YES",,"20130205",,"['AR','GL','GE']",,,
"LovemyKingofThailand._1277941.png","TH","P6m","NO","Love my King of Thailand.","YES",,"20130209",,"['AR','TL','FL','GE']",,,
"LovemyKingofThailand._R_1277942.png","TH","Rosette","YES","Love my King of Thailand.","YES","","20130209",,"['AR','GL','BL']",,,
"MeggySchluemer_R_1277943.png","DE","Rosette","YES","Meggy Schlümer","YES","Goldrausch","20130208",,"['GL','TL','SH']",,,
"MeggySchluemer_1277944.png","DE","Pm","NO","Meggy Schlümer","YES","Two cats in our hearts","20130204",,"['AR','SH','CR']",,,
"MeggySchluemer_1277945.png","DE","P6m","NO","Meggy Schlümer","YES",,"20130204",,"['FL','GL','AR','TL','SH']",,,
"Emmanuel_1277946.png","FR","P4g","NO","Emmanuel","YES",,"20130209",,"['AR','GE','SH']",,,
"Emmanuel_1277947.png","RE","P3m1","NO","Emmanuel","YES",,"20130202",,"['AR','TL','SH']",,,
"Edith_1277948.png","US","P4m","NO","Edith","YES","Cross and Bloom","20130209",,"['AR','TL','GE','SH']",,,
"Xamimim_1277949.png","US","P6m","NO","Xamimim","YES","Geodome","20130208",,"['AR','TL','GE']",,,
"Xamimim_1277950.png","US","Pm","NO","Xamimim","YES","Froggy Hopper convention","20130205",,"['CR','3D','GL','AR','TL','FL','OB']",,,
"Xamimim_1277951.png","US","P4m","NO","Xamimim","YES",,"20130203",,"['GE','AR','TL','SH']",,,
"Ibra_1277952.png","IQ","P4g","NO","Ibra","YES",,"20130205",,"['GE','AR','TL']",,,
"Ibra_1277953.png","IQ","P4m","NO","Ibra","YES",,"20130209",,"['GE','AR','TL']",,,
"Agnes_1277954.png","DE","P4g","NO","Agnes","YES",,"20130208",,"['GE','TL','AR','SH']",,,
"Agnes_1277955.png","DE","P4g","NO","Agnes","YES",,"20130208",,"['AR','GL','BL']",,,
"Agnes_1277956.png","DE","P4g","NO","Agnes","YES",,"20130208",,"['TL','AR','CR','GL']",,,
"Agnes_R_1277957.png","DE","Rosette","YES","Agnes","YES",,"20130205",,"['TL','AR','GE','GL','BL','SH','FL']",,,
"Agnes_1277958.png","DE","Pm","NO","Agnes","YES",,"20130205",,"['GL','TL','AR','BL','SH']",,,
"Agnes_1277959.png","DE","P4g","NO","Agnes","YES",,"20130205",,"['FL','GE','TL','SH','AR']",,,
"Agnes_R_1277960.png","DE","Rosette","YES","Agnes","YES",,"20130204",,"['TL','GL','SH']",,,
"Joshua_1277961.png","CH","P6m","NO","Joshua","YES",,"20130207",,"['TL','SH']",,,
"MeggySchluemer_1277962.png","DE","P6m","NO","Meggy Schlümer","YES","Blume der Nacht","20130206",,"['FL','GL','3D','TL','SH','BL']",,,
"Fadman_1277963.png","US","P6m","NO","Fadman","YES",,"20130206",,"['BL','GL']",,,
"Lola_1277964.png","GB","P3m1","NO","Lola","YES",,"20130130",,"['TL','GL']",,,
"DonB!_1277965.png","US","Pmg","NO","DonB!","YES","The Petri Dish","20130201",,"['TL','AR','SH','BL','GE','CR','OB']",,,
"DonB!_1277966.png","US","P3m1","NO","DonB!","YES",,"20130201",,"['TL','AR','SH','BL','GE']",,,
"DonB!_R_1277967.png","US","Rosette","YES","DonB!","YES",,"20130130",,"['TL','AR','SH','BL','GL']",,,
"Jonas_R_1277968.png","SE","Rosette","YES","Jonas","YES",,"20130201",,"['GE','TL','SH']",,,
"Jessy_1277969.png","US","P3","NO","Jessy","YES",,"20130130",,"['BL','AR','GL','GE']",,,
"Jessy_1277970.png","US","P6m","NO","Jessy","YES",,"20130201",,"['SH','AR','GL','GE']",,,
"ElaineBradford_1277971.png","US","P1","NO","Elaine Bradford ","YES","Falling rain","20130117",,"['GL','BL','OB']",,,
"DEBradford_1277972.png","US","P31m","NO","D E Bradford ","YES","Strawberries","20130116",,"['GL','TL','AR','OB']",,,
"MaxContreras_1277973.png","MX","P2","NO","Max Contreras","YES",,"20130131",,"['GE','TL','SH']",,,
"MaxContreras_1277974.png","MX","P4m","NO","Max Contreras","YES",,"20130130",,"['TL','GL','GE','SH']",,,
"MaxContreras_1277975.png","MX","P1","NO","Max Contreras","YES",,"20130130",,"['FL','TL','AR','SH']",,,
"MaxContreras_1277976.png","MX","Pm","NO","Max Contreras","YES","Get ready to go back to school!","20130130",,"['AR','SH','OB']",,,
"Max_1277977.png","MX","Cmm","NO","Max","YES","Locoshon","20130130",,"[]",,,
"Max_1277978.png","MX","Cmm","NO","Max","YES",,"20130130",,"['AR','SH','TL','GL']",,,
"Emmanuel_1277979.png","RE","P3","NO","Emmanuel","YES",,"20130131",,"['GL','TL']",,,
"DonB!_1277980.png","US","P6","NO","DonB!","YES",,"20130130",,"['BL','GL','GE']",,,
"DonB!_1277981.png","US","Pmg","NO","DonB!","YES","99 Bottles of Beer on the Wall","20130130",,"['OB','SH','GE','TL']",,,
"Rutabaga_1277982.png","US","P3m1","NO","Rutabaga","YES",,"20130123",,"['AR','SH','GE']",,,
"ClaraZambernardi_R_1277983.png","MX","Rosette","YES","Clara Zambernardi","YES","Huichol Mandala 1","20130128",,"['FL','GL','TL','BL','SH']",,,
"Cube_1277984.png","RU","P3m1","NO","Cube","YES",,"20130118",,"['TL','GE','SH']",,,
"Cube_1277985.png","RU","P4m","NO","Cube","YES",,"20130127",,"['TL','SH']",,,
"Jackson_1277986.png","US","P6m","NO","Jackson","YES","Sigh","20130124",,"['GL','BL','GE']",,,
"Jackson_1277987.png","US","P4g","NO","Jackson","YES","Color","20130126",,"['GL','GE','TL','BL']",,,
"Jojogibbs_1277988.png","CA","P4","NO","Jojogibbs","YES",,"20130114",,"['CR','TL','AR','SH']",,,
"ChrisCrime_1277989.png","DE","P4m","NO","Chris Crime","YES",,"20130125",,"['TL','SH','GE']",,,
"Pipo_1277990.png","BR","P1","NO","Pipo","YES",,"20130122",,"['BL','OB','GL']",,,
"Pipo_1277991.png","BR","P6m","NO","Pipo","YES",,"20130120",,"['BL','TL','AR']",,,
"Pipo_1277992.png","BR","P1","NO","Pipo","YES",,"20130120",,"['CR','BL']",,,
"RichardDalton_1277993.png","GB","P3m1","NO","Richard Dalton","YES",,"20130116",,"['TL','GE','SH','GE']",,,
"ClareBoone_1277994.png","US","P6","NO","Clare Boone","YES",,"20130115",,"['AR','SH','GE','GL']",,,
"ClareBoone_1277995.png","US","P6","NO","Clare Boone","YES",,"20130115",,"['AR','TL','SH','GE']",,,
"ClareBoone_1277996.png","US","P6m","NO","Clare Boone","YES","Simple and pretty. ","20130115",,"['GE','FL','TL','AR','SH']",,,
"ClareBoone_1277997.png","US","P6m","NO","Clare Boone","YES","Tree and lines. ","20130115",,"['TL','AR','GE']",,,
"ClareBoone_1277998.png","US","P31m","NO","Clare Boone","YES","Tri-bone in purple. ","20130115",,"['OB','AR','GE','SH']",,,
"ClareBoone_1277999.png","US","Cm","NO","Clare Boone","YES",,"20130121",,"['GE','SH','TL']",,,
"Rutabaga_1278001.png","US","P6","NO","Rutabaga","YES",,"20130117",,"['GE','3D','AR','SH']",,,
"Rutabaga_1278002.png","US","P31m","NO","Rutabaga","YES","critters","20130117",,"['BL','CR','GL','AR']",,,
"Jualia_1278003.png","DE","P6m","NO","Jualia","YES",,"20130114",,"['TL','SH']",,,
"Shaman-carver_1278004.png","RU","Pgg","NO","Shaman-carver","YES",,"20130113",,"['TL','SH','GE']",,,
"MeggySchluemer_R_1278005.png","DE","Rosette","YES","Meggy Schlümer","YES","Masken","20130105",,"['OB','AR','GL','SH']",,,
"Anders_1278081.png","US","P6m","NO","Anders","YES",,"20130120",,"['GE','AR','SH','GL']",,,
"Milica_1278083.png","RS","P4g","NO","Milica","YES",,"20130121",,"['TL','GL','BL','GE']",,,